product_id,warehouse_id,quantity_on_hand
"1","1","149"
"1","2","90"
"1","3","146"
"2","1","67"
"2","2","57"
"2","3","146"
"3","1","98"
"3","2","152"
"3","3","178"
"4","1","92"
"4","2","193"
"4","3","156"
"5","1","76"
"5","2","108"
"5","3","177"
"6","1","189"
"6","2","67"
"6","3","64"
"7","1","191"
"7","2","52"
"7","3","50"
"8","1","145"
"8","2","92"
"8","3","189"
"9","1","191"
"9","2","117"
"9","3","100"
"10","1","133"
"10","2","182"
"10","3","89"
"11","1","179"
"11","2","170"
"11","3","62"
"12","1","122"
"12","2","52"
"12","3","147"
"13","1","186"
"13","2","70"
"13","3","93"
"14","1","180"
"14","2","156"
"14","3","188"
"15","1","152"
"15","2","173"
"15","3","136"
"16","1","197"
"16","2","96"
"16","3","177"
"17","1","113"
"17","2","167"
"17","3","103"
"18","1","132"
"18","2","56"
"18","3","81"
"19","1","123"
"19","2","124"
"19","3","129"
"20","1","86"
"20","2","65"
"20","3","125"
"21","1","130"
"21","2","70"
"21","3","166"
"22","1","58"
"22","2","183"
"22","3","95"
"23","1","108"
"23","2","100"
"23","3","120"
"24","1","77"
"24","2","194"
"24","3","194"
"25","1","174"
"25","2","169"
"25","3","135"
"26","1","76"
"26","2","127"
"26","3","79"
"27","1","118"
"27","2","106"
"27","3","142"
"28","1","55"
"28","2","118"
"28","3","155"
"29","1","197"
"29","2","152"
"29","3","185"
"30","1","83"
"30","2","142"
"30","3","133"
"31","1","138"
"31","2","145"
"31","3","180"
"32","1","101"
"32","2","199"
"32","3","98"
"33","1","175"
"33","2","157"
"33","3","117"
"34","1","136"
"34","2","77"
"34","3","182"
"35","1","51"
"35","2","105"
"35","3","52"
"36","1","114"
"36","2","100"
"36","3","158"
"37","1","176"
"37","2","124"
"37","3","90"
"38","1","170"
"38","2","101"
"38","3","75"
"39","1","101"
"39","2","118"
"39","3","161"
"40","1","167"
"40","2","187"
"40","3","88"
"41","1","71"
"41","2","100"
"41","3","82"
"42","1","136"
"42","2","139"
"42","3","174"
"43","1","175"
"43","2","62"
"43","3","75"
"44","1","149"
"44","2","104"
"44","3","123"
"45","1","150"
"45","2","147"
"45","3","93"
"46","1","155"
"46","2","78"
"46","3","200"
"47","1","198"
"47","2","149"
"47","3","152"
"48","1","70"
"48","2","68"
"48","3","194"
"49","1","197"
"49","2","131"
"49","3","186"
"50","1","155"
"50","2","110"
"50","3","185"
"51","1","140"
"51","2","153"
"51","3","60"
"52","1","168"
"52","2","197"
"52","3","183"
"53","1","153"
"53","2","57"
"53","3","155"
"54","1","85"
"54","2","193"
"54","3","94"
"55","1","74"
"55","2","125"
"55","3","126"
"56","1","55"
"56","2","191"
"56","3","90"
"57","1","68"
"57","2","165"
"57","3","198"
"58","1","109"
"58","2","160"
"58","3","180"
"59","1","176"
"59","2","60"
"59","3","103"
"60","1","50"
"60","2","71"
"60","3","71"
"61","1","94"
"61","2","70"
"61","3","97"
"62","1","186"
"62","2","77"
"62","3","124"
"63","1","50"
"63","2","111"
"63","3","200"
"64","1","108"
"64","2","188"
"64","3","57"
"65","1","110"
"65","2","80"
"65","3","126"
"66","1","195"
"66","2","66"
"66","3","200"
"67","1","161"
"67","2","176"
"67","3","97"
"68","1","200"
"68","2","120"
"68","3","156"
"69","1","108"
"69","2","175"
"69","3","112"
"70","1","101"
"70","2","54"
"70","3","166"
"71","1","85"
"71","2","67"
"71","3","55"
"72","1","59"
"72","2","181"
"72","3","91"
"73","1","62"
"73","2","193"
"73","3","176"
"74","1","185"
"74","2","68"
"74","3","84"
"75","1","70"
"75","2","61"
"75","3","146"
"76","1","101"
"76","2","115"
"76","3","159"
"77","1","192"
"77","2","189"
"77","3","181"
"78","1","72"
"78","2","143"
"78","3","103"
"79","1","150"
"79","2","139"
"79","3","55"
"80","1","197"
"80","2","147"
"80","3","144"
"81","1","170"
"81","2","119"
"81","3","200"
"82","1","70"
"82","2","113"
"82","3","95"
"83","1","168"
"83","2","145"
"83","3","61"
"84","1","200"
"84","2","136"
"84","3","105"
"85","1","62"
"85","2","144"
"85","3","73"
"86","1","169"
"86","2","151"
"86","3","67"
"87","1","125"
"87","2","157"
"87","3","160"
"88","1","76"
"88","2","57"
"88","3","127"
"89","1","54"
"89","2","199"
"89","3","193"
"90","1","129"
"90","2","64"
"90","3","124"
"91","1","164"
"91","2","99"
"91","3","121"
"92","1","83"
"92","2","131"
"92","3","145"
"93","1","195"
"93","2","155"
"93","3","161"
"94","1","152"
"94","2","186"
"94","3","129"
"95","1","196"
"95","2","158"
"95","3","153"
"96","1","149"
"96","2","53"
"96","3","111"
"97","1","131"
"97","2","110"
"97","3","51"
"98","1","172"
"98","2","193"
"98","3","50"
"99","1","186"
"99","2","156"
"99","3","66"
"100","1","96"
"100","2","91"
"100","3","155"
"101","1","159"
"101","2","143"
"101","3","166"
"102","1","62"
"102","2","52"
"102","3","57"
"103","1","171"
"103","2","51"
"103","3","59"
"104","1","124"
"104","2","189"
"104","3","58"
"105","1","186"
"105","2","54"
"105","3","60"
"106","1","52"
"106","2","129"
"106","3","161"
"107","1","124"
"107","2","52"
"107","3","174"
"108","1","61"
"108","2","57"
"108","3","82"
"109","1","117"
"109","2","112"
"109","3","114"
"110","1","64"
"110","2","170"
"110","3","170"
"111","1","149"
"111","2","101"
"111","3","76"
"112","1","85"
"112","2","109"
"112","3","148"
"113","1","68"
"113","2","98"
"113","3","147"
"114","1","178"
"114","2","125"
"114","3","169"
"115","1","149"
"115","2","141"
"115","3","114"
"116","1","163"
"116","2","157"
"116","3","199"
"117","1","126"
"117","2","193"
"117","3","102"
"118","1","65"
"118","2","162"
"118","3","139"
"119","1","150"
"119","2","84"
"119","3","172"
"120","1","53"
"120","2","105"
"120","3","60"
"121","1","137"
"121","2","128"
"121","3","106"
"122","1","153"
"122","2","166"
"122","3","53"
"123","1","122"
"123","2","67"
"123","3","174"
"124","1","165"
"124","2","177"
"124","3","66"
"125","1","150"
"125","2","115"
"125","3","57"
"126","1","51"
"126","2","158"
"126","3","134"
"127","1","105"
"127","2","52"
"127","3","131"
"128","1","176"
"128","2","53"
"128","3","118"
"129","1","165"
"129","2","165"
"129","3","141"
"130","1","52"
"130","2","67"
"130","3","143"
"131","1","166"
"131","2","155"
"131","3","113"
"132","1","87"
"132","2","140"
"132","3","105"
"133","1","190"
"133","2","115"
"133","3","92"
"134","1","88"
"134","2","189"
"134","3","186"
"135","1","137"
"135","2","78"
"135","3","157"
"136","1","196"
"136","2","132"
"136","3","200"
"137","1","150"
"137","2","143"
"137","3","196"
"138","1","99"
"138","2","60"
"138","3","100"
"139","1","168"
"139","2","67"
"139","3","64"
"140","1","90"
"140","2","165"
"140","3","156"
"141","1","101"
"141","2","163"
"141","3","182"
"142","1","60"
"142","2","93"
"142","3","99"
"143","1","164"
"143","2","195"
"143","3","126"
"144","1","102"
"144","2","162"
"144","3","196"
"145","1","192"
"145","2","71"
"145","3","80"
"146","1","165"
"146","2","97"
"146","3","129"
"147","1","143"
"147","2","166"
"147","3","103"
"148","1","70"
"148","2","132"
"148","3","66"
"149","1","140"
"149","2","141"
"149","3","94"
"150","1","98"
"150","2","185"
"150","3","174"
"151","1","148"
"151","2","112"
"151","3","57"
"152","1","135"
"152","2","171"
"152","3","178"
"153","1","114"
"153","2","67"
"153","3","158"
"154","1","71"
"154","2","182"
"154","3","167"
"155","1","117"
"155","2","80"
"155","3","99"
"156","1","142"
"156","2","114"
"156","3","174"
"157","1","163"
"157","2","179"
"157","3","51"
"158","1","135"
"158","2","94"
"158","3","177"
"159","1","153"
"159","2","189"
"159","3","88"
"160","1","127"
"160","2","129"
"160","3","146"
"161","1","57"
"161","2","125"
"161","3","136"
"162","1","73"
"162","2","105"
"162","3","87"
"163","1","106"
"163","2","136"
"163","3","106"
"164","1","143"
"164","2","123"
"164","3","195"
"165","1","133"
"165","2","111"
"165","3","106"
"166","1","167"
"166","2","74"
"166","3","198"
"167","1","194"
"167","2","114"
"167","3","180"
"168","1","145"
"168","2","54"
"168","3","170"
"169","1","143"
"169","2","183"
"169","3","175"
"170","1","67"
"170","2","112"
"170","3","191"
"171","1","66"
"171","2","111"
"171","3","180"
"172","1","190"
"172","2","126"
"172","3","69"
"173","1","50"
"173","2","78"
"173","3","180"
"174","1","70"
"174","2","85"
"174","3","57"
"175","1","162"
"175","2","197"
"175","3","156"
"176","1","119"
"176","2","115"
"176","3","65"
"177","1","145"
"177","2","131"
"177","3","114"
"178","1","51"
"178","2","161"
"178","3","125"
"179","1","120"
"179","2","56"
"179","3","191"
"180","1","87"
"180","2","70"
"180","3","198"
"181","1","140"
"181","2","76"
"181","3","131"
"182","1","99"
"182","2","114"
"182","3","200"
"183","1","160"
"183","2","135"
"183","3","186"
"184","1","157"
"184","2","102"
"184","3","194"
"185","1","102"
"185","2","136"
"185","3","112"
"186","1","171"
"186","2","57"
"186","3","94"
"187","1","50"
"187","2","200"
"187","3","121"
"188","1","130"
"188","2","170"
"188","3","191"
"189","1","64"
"189","2","137"
"189","3","179"
"190","1","187"
"190","2","144"
"190","3","80"
"191","1","105"
"191","2","185"
"191","3","195"
"192","1","75"
"192","2","184"
"192","3","86"
"193","1","190"
"193","2","62"
"193","3","70"
"194","1","168"
"194","2","183"
"194","3","189"
"195","1","174"
"195","2","196"
"195","3","62"
"196","1","170"
"196","2","166"
"196","3","126"
"197","1","94"
"197","2","81"
"197","3","79"
"198","1","108"
"198","2","67"
"198","3","108"
"199","1","74"
"199","2","59"
"199","3","180"
"200","1","121"
"200","2","73"
"200","3","84"
"201","1","72"
"201","2","51"
"201","3","160"
"202","1","166"
"202","2","192"
"202","3","140"
"203","1","113"
"203","2","132"
"203","3","186"
"204","1","179"
"204","2","55"
"204","3","160"
"205","1","98"
"205","2","182"
"205","3","146"
"206","1","175"
"206","2","120"
"206","3","180"
"207","1","59"
"207","2","132"
"207","3","102"
"208","1","168"
"208","2","103"
"208","3","180"
"209","1","80"
"209","2","198"
"209","3","162"
"210","1","137"
"210","2","155"
"210","3","85"
"211","1","145"
"211","2","67"
"211","3","169"
"212","1","116"
"212","2","67"
"212","3","188"
"213","1","85"
"213","2","178"
"213","3","132"
"214","1","177"
"214","2","61"
"214","3","97"
"215","1","155"
"215","2","51"
"215","3","179"
"216","1","58"
"216","2","188"
"216","3","115"
"217","1","69"
"217","2","143"
"217","3","173"
"218","1","74"
"218","2","101"
"218","3","196"
"219","1","53"
"219","2","144"
"219","3","155"
"220","1","54"
"220","2","104"
"220","3","140"
"221","1","127"
"221","2","88"
"221","3","93"
"222","1","175"
"222","2","97"
"222","3","142"
"223","1","186"
"223","2","114"
"223","3","50"
"224","1","160"
"224","2","190"
"224","3","168"
"225","1","118"
"225","2","51"
"225","3","146"
"226","1","108"
"226","2","179"
"226","3","163"
"227","1","148"
"227","2","139"
"227","3","107"
"228","1","185"
"228","2","172"
"228","3","149"
"229","1","192"
"229","2","109"
"229","3","94"
"230","1","102"
"230","2","115"
"230","3","104"
"231","1","171"
"231","2","116"
"231","3","102"
"232","1","58"
"232","2","96"
"232","3","185"
"233","1","116"
"233","2","160"
"233","3","86"
"234","1","108"
"234","2","78"
"234","3","149"
"235","1","83"
"235","2","195"
"235","3","119"
"236","1","191"
"236","2","135"
"236","3","200"
"237","1","148"
"237","2","140"
"237","3","76"
"238","1","51"
"238","2","56"
"238","3","99"
"239","1","50"
"239","2","119"
"239","3","125"
"240","1","147"
"240","2","142"
"240","3","132"
"241","1","104"
"241","2","163"
"241","3","61"
"242","1","74"
"242","2","144"
"242","3","160"
"243","1","172"
"243","2","81"
"243","3","127"
"244","1","55"
"244","2","147"
"244","3","129"
"245","1","187"
"245","2","80"
"245","3","176"
"246","1","90"
"246","2","59"
"246","3","175"
"247","1","66"
"247","2","66"
"247","3","146"
"248","1","197"
"248","2","100"
"248","3","197"
"249","1","79"
"249","2","160"
"249","3","170"
"250","1","114"
"250","2","132"
"250","3","62"
"251","1","157"
"251","2","174"
"251","3","125"
"252","1","128"
"252","2","71"
"252","3","125"
"253","1","178"
"253","2","76"
"253","3","98"
"254","1","53"
"254","2","56"
"254","3","200"
"255","1","127"
"255","2","100"
"255","3","82"
"256","1","181"
"256","2","56"
"256","3","104"
"257","1","121"
"257","2","146"
"257","3","197"
"258","1","124"
"258","2","99"
"258","3","114"
"259","1","51"
"259","2","95"
"259","3","108"
"260","1","170"
"260","2","121"
"260","3","53"
"261","1","188"
"261","2","135"
"261","3","51"
"262","1","155"
"262","2","59"
"262","3","186"
"263","1","195"
"263","2","114"
"263","3","168"
"264","1","155"
"264","2","65"
"264","3","170"
"265","1","160"
"265","2","88"
"265","3","100"
"266","1","58"
"266","2","200"
"266","3","167"
"267","1","75"
"267","2","179"
"267","3","97"
"268","1","108"
"268","2","179"
"268","3","94"
"269","1","189"
"269","2","182"
"269","3","145"
"270","1","111"
"270","2","155"
"270","3","130"
"271","1","184"
"271","2","90"
"271","3","118"
"272","1","175"
"272","2","110"
"272","3","117"
"273","1","166"
"273","2","146"
"273","3","179"
"274","1","100"
"274","2","120"
"274","3","161"
"275","1","116"
"275","2","63"
"275","3","73"
"276","1","92"
"276","2","79"
"276","3","162"
"277","1","192"
"277","2","180"
"277","3","165"
"278","1","84"
"278","2","133"
"278","3","142"
"279","1","170"
"279","2","174"
"279","3","193"
"280","1","176"
"280","2","51"
"280","3","169"
"281","1","163"
"281","2","75"
"281","3","167"
"282","1","71"
"282","2","180"
"282","3","78"
"283","1","98"
"283","2","87"
"283","3","162"
"284","1","136"
"284","2","98"
"284","3","76"
"285","1","68"
"285","2","184"
"285","3","103"
"286","1","167"
"286","2","200"
"286","3","107"
"287","1","171"
"287","2","130"
"287","3","170"
"288","1","181"
"288","2","176"
"288","3","156"
"289","1","133"
"289","2","121"
"289","3","50"
"290","1","92"
"290","2","91"
"290","3","101"
"291","1","82"
"291","2","193"
"291","3","65"
"292","1","103"
"292","2","55"
"292","3","90"
"293","1","112"
"293","2","97"
"293","3","180"
"294","1","189"
"294","2","112"
"294","3","63"
"295","1","168"
"295","2","102"
"295","3","138"
"296","1","162"
"296","2","98"
"296","3","147"
"297","1","147"
"297","2","79"
"297","3","64"
"298","1","161"
"298","2","132"
"298","3","141"
"299","1","154"
"299","2","78"
"299","3","85"
"300","1","169"
"300","2","161"
"300","3","88"
"301","1","58"
"301","2","170"
"301","3","68"
"302","1","112"
"302","2","157"
"302","3","130"
"303","1","93"
"303","2","178"
"303","3","175"
"304","1","105"
"304","2","135"
"304","3","173"
"305","1","115"
"305","2","91"
"305","3","147"
"306","1","143"
"306","2","64"
"306","3","76"
"307","1","169"
"307","2","175"
"307","3","96"
"308","1","70"
"308","2","88"
"308","3","53"
"309","1","73"
"309","2","84"
"309","3","147"
"310","1","136"
"310","2","199"
"310","3","66"
"311","1","135"
"311","2","117"
"311","3","77"
"312","1","194"
"312","2","101"
"312","3","50"
"313","1","174"
"313","2","85"
"313","3","57"
"314","1","101"
"314","2","148"
"314","3","168"
"315","1","85"
"315","2","109"
"315","3","190"
"316","1","109"
"316","2","160"
"316","3","82"
"317","1","170"
"317","2","143"
"317","3","196"
"318","1","100"
"318","2","175"
"318","3","123"
"319","1","142"
"319","2","109"
"319","3","91"
"320","1","160"
"320","2","96"
"320","3","136"
"321","1","170"
"321","2","105"
"321","3","153"
"322","1","71"
"322","2","71"
"322","3","181"
"323","1","109"
"323","2","175"
"323","3","84"
"324","1","196"
"324","2","175"
"324","3","72"
"325","1","124"
"325","2","69"
"325","3","186"
"326","1","112"
"326","2","78"
"326","3","140"
"327","1","89"
"327","2","110"
"327","3","147"
"328","1","102"
"328","2","125"
"328","3","187"
"329","1","200"
"329","2","167"
"329","3","114"
"330","1","194"
"330","2","160"
"330","3","85"
"331","1","120"
"331","2","148"
"331","3","128"
"332","1","124"
"332","2","151"
"332","3","76"
"333","1","163"
"333","2","175"
"333","3","165"
"334","1","117"
"334","2","141"
"334","3","86"
"335","1","65"
"335","2","85"
"335","3","77"
"336","1","165"
"336","2","84"
"336","3","88"
"337","1","125"
"337","2","56"
"337","3","80"
"338","1","150"
"338","2","66"
"338","3","160"
"339","1","182"
"339","2","148"
"339","3","177"
"340","1","142"
"340","2","167"
"340","3","82"
"341","1","166"
"341","2","102"
"341","3","62"
"342","1","153"
"342","2","129"
"342","3","129"
"343","1","50"
"343","2","154"
"343","3","130"
"344","1","176"
"344","2","103"
"344","3","137"
"345","1","67"
"345","2","94"
"345","3","147"
"346","1","135"
"346","2","74"
"346","3","185"
"347","1","100"
"347","2","134"
"347","3","128"
"348","1","122"
"348","2","157"
"348","3","96"
"349","1","137"
"349","2","73"
"349","3","69"
"350","1","130"
"350","2","115"
"350","3","191"
"351","1","190"
"351","2","170"
"351","3","55"
"352","1","184"
"352","2","98"
"352","3","116"
"353","1","149"
"353","2","144"
"353","3","151"
"354","1","59"
"354","2","79"
"354","3","152"
"355","1","182"
"355","2","114"
"355","3","165"
"356","1","155"
"356","2","103"
"356","3","50"
"357","1","53"
"357","2","139"
"357","3","88"
"358","1","64"
"358","2","164"
"358","3","155"
"359","1","84"
"359","2","131"
"359","3","87"
"360","1","100"
"360","2","112"
"360","3","158"
"361","1","114"
"361","2","136"
"361","3","154"
"362","1","120"
"362","2","153"
"362","3","192"
"363","1","96"
"363","2","135"
"363","3","131"
"364","1","137"
"364","2","194"
"364","3","67"
"365","1","188"
"365","2","192"
"365","3","74"
"366","1","178"
"366","2","181"
"366","3","82"
"367","1","92"
"367","2","198"
"367","3","157"
"368","1","146"
"368","2","101"
"368","3","97"
"369","1","59"
"369","2","179"
"369","3","165"
"370","1","109"
"370","2","148"
"370","3","67"
"371","1","93"
"371","2","94"
"371","3","160"
"372","1","160"
"372","2","192"
"372","3","156"
"373","1","133"
"373","2","129"
"373","3","67"
"374","1","94"
"374","2","69"
"374","3","197"
"375","1","173"
"375","2","191"
"375","3","89"
"376","1","87"
"376","2","171"
"376","3","65"
"377","1","55"
"377","2","89"
"377","3","151"
"378","1","200"
"378","2","68"
"378","3","168"
"379","1","123"
"379","2","126"
"379","3","123"
"380","1","164"
"380","2","133"
"380","3","60"
"381","1","117"
"381","2","144"
"381","3","190"
"382","1","75"
"382","2","99"
"382","3","66"
"383","1","155"
"383","2","131"
"383","3","81"
"384","1","138"
"384","2","64"
"384","3","99"
"385","1","66"
"385","2","102"
"385","3","123"
"386","1","99"
"386","2","150"
"386","3","189"
"387","1","79"
"387","2","195"
"387","3","127"
"388","1","61"
"388","2","155"
"388","3","120"
"389","1","94"
"389","2","145"
"389","3","50"
"390","1","181"
"390","2","70"
"390","3","170"
"391","1","187"
"391","2","133"
"391","3","133"
"392","1","67"
"392","2","192"
"392","3","155"
"393","1","70"
"393","2","170"
"393","3","189"
"394","1","73"
"394","2","167"
"394","3","172"
"395","1","135"
"395","2","181"
"395","3","166"
"396","1","90"
"396","2","79"
"396","3","94"
"397","1","86"
"397","2","133"
"397","3","161"
"398","1","164"
"398","2","131"
"398","3","78"
"399","1","135"
"399","2","114"
"399","3","66"
"400","1","115"
"400","2","139"
"400","3","82"
"401","1","114"
"401","2","117"
"401","3","181"
"402","1","125"
"402","2","57"
"402","3","120"
"403","1","115"
"403","2","121"
"403","3","133"
"404","1","126"
"404","2","67"
"404","3","78"
"405","1","100"
"405","2","120"
"405","3","78"
"406","1","155"
"406","2","143"
"406","3","111"
"407","1","88"
"407","2","78"
"407","3","104"
"408","1","199"
"408","2","67"
"408","3","147"
"409","1","132"
"409","2","92"
"409","3","145"
"410","1","168"
"410","2","185"
"410","3","178"
"411","1","153"
"411","2","68"
"411","3","200"
"412","1","60"
"412","2","121"
"412","3","60"
"413","1","116"
"413","2","88"
"413","3","126"
"414","1","56"
"414","2","74"
"414","3","133"
"415","1","98"
"415","2","147"
"415","3","136"
"416","1","171"
"416","2","108"
"416","3","95"
"417","1","117"
"417","2","163"
"417","3","120"
"418","1","96"
"418","2","83"
"418","3","81"
"419","1","160"
"419","2","56"
"419","3","62"
"420","1","106"
"420","2","92"
"420","3","162"
"421","1","95"
"421","2","197"
"421","3","188"
"422","1","77"
"422","2","103"
"422","3","68"
"423","1","107"
"423","2","175"
"423","3","182"
"424","1","161"
"424","2","74"
"424","3","72"
"425","1","117"
"425","2","87"
"425","3","106"
"426","1","60"
"426","2","106"
"426","3","198"
"427","1","79"
"427","2","157"
"427","3","150"
"428","1","197"
"428","2","160"
"428","3","189"
"429","1","179"
"429","2","134"
"429","3","159"
"430","1","54"
"430","2","177"
"430","3","155"
"431","1","50"
"431","2","69"
"431","3","181"
"432","1","105"
"432","2","127"
"432","3","143"
"433","1","73"
"433","2","126"
"433","3","186"
"434","1","58"
"434","2","149"
"434","3","168"
"435","1","126"
"435","2","125"
"435","3","133"
"436","1","195"
"436","2","56"
"436","3","116"
"437","1","67"
"437","2","176"
"437","3","158"
"438","1","75"
"438","2","182"
"438","3","93"
"439","1","98"
"439","2","140"
"439","3","51"
"440","1","109"
"440","2","126"
"440","3","138"
"441","1","114"
"441","2","73"
"441","3","61"
"442","1","95"
"442","2","110"
"442","3","55"
"443","1","165"
"443","2","68"
"443","3","118"
"444","1","192"
"444","2","89"
"444","3","168"
"445","1","182"
"445","2","82"
"445","3","66"
"446","1","169"
"446","2","84"
"446","3","113"
"447","1","129"
"447","2","59"
"447","3","188"
"448","1","109"
"448","2","88"
"448","3","65"
"449","1","133"
"449","2","79"
"449","3","54"
"450","1","124"
"450","2","193"
"450","3","144"
"451","1","182"
"451","2","102"
"451","3","84"
"452","1","132"
"452","2","108"
"452","3","130"
"453","1","81"
"453","2","144"
"453","3","171"
"454","1","134"
"454","2","76"
"454","3","128"
"455","1","113"
"455","2","73"
"455","3","50"
"456","1","138"
"456","2","52"
"456","3","116"
"457","1","178"
"457","2","79"
"457","3","176"
"458","1","147"
"458","2","181"
"458","3","116"
"459","1","199"
"459","2","111"
"459","3","138"
"460","1","181"
"460","2","52"
"460","3","110"
"461","1","194"
"461","2","161"
"461","3","103"
"462","1","68"
"462","2","66"
"462","3","164"
"463","1","162"
"463","2","133"
"463","3","93"
"464","1","83"
"464","2","161"
"464","3","121"
"465","1","89"
"465","2","103"
"465","3","147"
"466","1","152"
"466","2","160"
"466","3","199"
"467","1","141"
"467","2","60"
"467","3","163"
"468","1","74"
"468","2","68"
"468","3","157"
"469","1","114"
"469","2","197"
"469","3","100"
"470","1","199"
"470","2","154"
"470","3","135"
"471","1","117"
"471","2","187"
"471","3","169"
"472","1","71"
"472","2","82"
"472","3","62"
"473","1","200"
"473","2","139"
"473","3","182"
"474","1","95"
"474","2","200"
"474","3","155"
"475","1","63"
"475","2","55"
"475","3","100"
"476","1","62"
"476","2","78"
"476","3","113"
"477","1","112"
"477","2","156"
"477","3","186"
"478","1","77"
"478","2","119"
"478","3","117"
"479","1","112"
"479","2","100"
"479","3","145"
"480","1","96"
"480","2","95"
"480","3","135"
"481","1","56"
"481","2","60"
"481","3","126"
"482","1","166"
"482","2","119"
"482","3","177"
"483","1","63"
"483","2","185"
"483","3","175"
"484","1","168"
"484","2","70"
"484","3","53"
"485","1","84"
"485","2","56"
"485","3","50"
"486","1","111"
"486","2","109"
"486","3","133"
"487","1","140"
"487","2","154"
"487","3","195"
"488","1","187"
"488","2","80"
"488","3","100"
"489","1","195"
"489","2","60"
"489","3","138"
"490","1","85"
"490","2","115"
"490","3","136"
"491","1","172"
"491","2","104"
"491","3","132"
"492","1","97"
"492","2","187"
"492","3","125"
"493","1","141"
"493","2","83"
"493","3","143"
"494","1","143"
"494","2","95"
"494","3","169"
"495","1","141"
"495","2","143"
"495","3","114"
"496","1","164"
"496","2","168"
"496","3","200"
"497","1","192"
"497","2","73"
"497","3","168"
"498","1","88"
"498","2","77"
"498","3","193"
"499","1","148"
"499","2","179"
"499","3","198"
"500","1","117"
"500","2","56"
"500","3","132"
