id,sku,name,category_id,uom_id,list_price,cost_price
"1","SKU001","Luxurious Marble Chair","8","1","1000.16","769.35"
"2","SKU002","Rustic Silk Bacon","9","1","451.87","347.59"
"3","SKU003","Intelligent Marble Soap","2","1","439.52","338.09"
"4","SKU004","Tasty Metal Sausages","15","1","52.46","40.35"
"5","SKU005","Intelligent Plastic Computer","2","1","27.55","21.19"
"6","SKU006","Modern Silk Salad","6","1","1221.67","939.75"
"7","SKU007","Sleek Cotton Pants","12","1","536.32","412.55"
"8","SKU008","Ergonomic Concrete Soap","10","1","249.80","192.15"
"9","SKU009","Frozen Gold Mouse","12","1","1175.65","904.35"
"10","SKU010","Small Bronze Keyboard","3","1","28.54","21.95"
"11","SKU011","Intelligent Gold Chicken","4","1","1277.32","982.55"
"12","SKU012","Gorgeous Concrete Bike","1","1","180.43","138.79"
"13","SKU013","Soft Silk Cheese","5","1","1009.44","776.49"
"14","SKU014","Ergonomic Concrete Mouse","14","1","382.79","294.45"
"15","SKU015","Handmade Gold Shirt","16","1","402.42","309.55"
"16","SKU016","Electronic Rubber Table","15","1","726.64","558.95"
"17","SKU017","Practical Metal Pizza","3","1","551.84","424.49"
"18","SKU018","Elegant Gold Pants","16","1","788.31","606.39"
"19","SKU019","Generic Plastic Bacon","9","1","1248.13","960.10"
"20","SKU020","Rustic Marble Pizza","11","1","1085.69","835.15"
"21","SKU021","Refined Steel Bacon","19","1","219.69","168.99"
"22","SKU022","Fresh Bronze Table","20","1","315.97","243.05"
"23","SKU023","Unbranded Cotton Keyboard","14","1","880.69","677.45"
"24","SKU024","Refined Bronze Table","20","1","800.27","615.59"
"25","SKU025","Recycled Granite Gloves","19","1","1108.76","852.89"
"26","SKU026","Intelligent Rubber Gloves","3","1","96.19","73.99"
"27","SKU027","Modern Bronze Sausages","3","1","1231.48","947.29"
"28","SKU028","Practical Silk Tuna","10","1","1283.22","987.09"
"29","SKU029","Electronic Ceramic Keyboard","15","1","307.44","236.49"
"30","SKU030","Bespoke Marble Table","17","1","365.63","281.25"
"31","SKU031","Oriental Marble Chips","20","1","1042.72","802.09"
"32","SKU032","Licensed Ceramic Pizza","3","1","972.89","748.38"
"33","SKU033","Bespoke Silk Table","17","1","530.91","408.39"
"34","SKU034","Rustic Wooden Hat","4","1","898.81","691.39"
"35","SKU035","Sleek Metal Gloves","8","1","259.79","199.84"
"36","SKU036","Handmade Bronze Computer","14","1","146.76","112.89"
"37","SKU037","Sleek Wooden Chips","6","1","1152.48","886.52"
"38","SKU038","Recycled Bronze Sausages","9","1","761.40","585.69"
"39","SKU039","Handcrafted Bronze Bacon","18","1","873.72","672.09"
"40","SKU040","Intelligent Aluminum Car","16","1","525.33","404.10"
"41","SKU041","Generic Wooden Gloves","7","1","619.91","476.85"
"42","SKU042","Electronic Plastic Computer","9","1","646.29","497.15"
"43","SKU043","Intelligent Rubber Bike","8","1","1192.67","917.44"
"44","SKU044","Modern Gold Towels","7","1","963.68","741.29"
"45","SKU045","Soft Cotton Hat","10","1","1018.02","783.09"
"46","SKU046","Gorgeous Wooden Keyboard","18","1","367.44","282.65"
"47","SKU047","Awesome Steel Chips","18","1","257.26","197.89"
"48","SKU048","Soft Steel Chips","5","1","475.53","365.79"
"49","SKU049","Sleek Steel Sausages","12","1","1049.94","807.65"
"50","SKU050","Ergonomic Silk Towels","15","1","854.95","657.65"
"51","SKU051","Soft Silk Shirt","20","1","333.57","256.59"
"52","SKU052","Practical Aluminum Car","14","1","1142.40","878.77"
"53","SKU053","Awesome Ceramic Gloves","4","1","73.91","56.85"
"54","SKU054","Incredible Silk Fish","17","1","520.26","400.20"
"55","SKU055","Bespoke Plastic Sausages","10","1","311.47","239.59"
"56","SKU056","Ergonomic Steel Keyboard","6","1","614.97","473.05"
"57","SKU057","Incredible Steel Pants","9","1","1026.45","789.58"
"58","SKU058","Modern Concrete Shirt","10","1","1181.82","909.09"
"59","SKU059","Incredible Concrete Shirt","4","1","701.99","539.99"
"60","SKU060","Oriental Plastic Table","5","1","1277.37","982.59"
"61","SKU061","Elegant Ceramic Hat","15","1","922.86","709.89"
"62","SKU062","Soft Rubber Computer","18","1","1106.88","851.45"
"63","SKU063","Small Bamboo Ball","7","1","616.84","474.49"
"64","SKU064","Oriental Gold Chair","6","1","977.60","752.00"
"65","SKU065","Generic Rubber Gloves","20","1","475.01","365.39"
"66","SKU066","Gorgeous Aluminum Bacon","14","1","697.18","536.29"
"67","SKU067","Oriental Ceramic Keyboard","3","1","444.31","341.78"
"68","SKU068","Fantastic Plastic Hat","5","1","75.59","58.15"
"69","SKU069","Ergonomic Concrete Mouse","4","1","114.20","87.85"
"70","SKU070","Frozen Concrete Cheese","14","1","199.41","153.39"
"71","SKU071","Modern Ceramic Computer","20","1","1167.86","898.35"
"72","SKU072","Unbranded Aluminum Soap","4","1","317.27","244.05"
"73","SKU073","Refined Plastic Computer","18","1","1132.50","871.15"
"74","SKU074","Gorgeous Bamboo Shirt","2","1","721.31","554.85"
"75","SKU075","Luxurious Bronze Bacon","3","1","836.42","643.40"
"76","SKU076","Handcrafted Gold Mouse","16","1","15.98","12.29"
"77","SKU077","Soft Plastic Chicken","11","1","802.88","617.60"
"78","SKU078","Handcrafted Ceramic Fish","15","1","1141.79","878.30"
"79","SKU079","Electronic Wooden Shirt","3","1","741.77","570.59"
"80","SKU080","Incredible Marble Bike","18","1","1112.40","855.69"
"81","SKU081","Bespoke Aluminum Fish","3","1","460.79","354.45"
"82","SKU082","Awesome Gold Hat","15","1","424.38","326.45"
"83","SKU083","Recycled Silk Ball","18","1","670.35","515.65"
"84","SKU084","Gorgeous Rubber Chips","16","1","828.09","636.99"
"85","SKU085","Rustic Wooden Computer","9","1","1036.48","797.29"
"86","SKU086","Gorgeous Bamboo Bike","5","1","685.74","527.49"
"87","SKU087","Handcrafted Bronze Computer","20","1","1221.21","939.39"
"88","SKU088","Licensed Wooden Gloves","12","1","1141.91","878.39"
"89","SKU089","Tasty Silk Fish","9","1","1217.31","936.39"
"90","SKU090","Oriental Wooden Computer","20","1","1176.05","904.65"
"91","SKU091","Frozen Plastic Pants","12","1","419.71","322.85"
"92","SKU092","Small Ceramic Computer","20","1","536.06","412.35"
"93","SKU093","Frozen Granite Sausages","9","1","226.00","173.85"
"94","SKU094","Bespoke Concrete Cheese","3","1","793.12","610.09"
"95","SKU095","Bespoke Cotton Table","17","1","971.09","746.99"
"96","SKU096","Bespoke Rubber Shirt","18","1","609.56","468.89"
"97","SKU097","Licensed Cotton Ball","3","1","576.02","443.09"
"98","SKU098","Fantastic Bamboo Hat","5","1","581.75","447.50"
"99","SKU099","Rustic Aluminum Sausages","13","1","1151.01","885.39"
"100","SKU100","Handcrafted Wooden Hat","16","1","1031.29","793.30"
"101","SKU101","Small Steel Towels","7","1","1151.97","886.13"
"102","SKU102","Licensed Ceramic Soap","4","1","340.69","262.07"
"103","SKU103","Frozen Steel Sausages","17","1","515.31","396.39"
"104","SKU104","Rustic Silk Hat","15","1","508.50","391.15"
"105","SKU105","Refined Concrete Towels","10","1","27.37","21.05"
"106","SKU106","Generic Rubber Bike","12","1","233.60","179.69"
"107","SKU107","Small Cotton Pants","12","1","1090.51","838.85"
"108","SKU108","Refined Bronze Shoes","7","1","1147.64","882.80"
"109","SKU109","Tasty Granite Pants","13","1","254.27","195.59"
"110","SKU110","Unbranded Steel Table","12","1","382.53","294.25"
"111","SKU111","Recycled Bamboo Soap","19","1","327.76","252.12"
"112","SKU112","Modern Rubber Shirt","8","1","485.15","373.19"
"113","SKU113","Handmade Bronze Gloves","10","1","81.31","62.55"
"114","SKU114","Luxurious Wooden Shirt","3","1","953.28","733.29"
"115","SKU115","Incredible Bronze Tuna","9","1","533.98","410.75"
"116","SKU116","Refined Marble Sausages","6","1","1295.51","996.55"
"117","SKU117","Handcrafted Metal Towels","17","1","455.05","350.04"
"118","SKU118","Small Plastic Pizza","2","1","23.26","17.89"
"119","SKU119","Awesome Cotton Towels","18","1","972.79","748.30"
"120","SKU120","Elegant Silk Soap","7","1","1215.05","934.65"
"121","SKU121","Rustic Ceramic Bike","8","1","344.88","265.29"
"122","SKU122","Tasty Ceramic Soap","20","1","1276.59","981.99"
"123","SKU123","Frozen Ceramic Chicken","3","1","468.98","360.75"
"124","SKU124","Recycled Ceramic Ball","2","1","1066.99","820.76"
"125","SKU125","Intelligent Cotton Salad","4","1","870.68","669.75"
"126","SKU126","Handmade Bronze Cheese","5","1","1113.97","856.90"
"127","SKU127","Incredible Steel Chair","1","1","147.15","113.19"
"128","SKU128","Sleek Marble Gloves","3","1","253.83","195.25"
"129","SKU129","Practical Silk Cheese","15","1","1159.01","891.55"
"130","SKU130","Frozen Steel Fish","3","1","504.40","388.00"
"131","SKU131","Unbranded Ceramic Towels","16","1","958.09","736.99"
"132","SKU132","Bespoke Rubber Salad","13","1","1151.01","885.39"
"133","SKU133","Unbranded Bamboo Pizza","9","1","1133.20","871.69"
"134","SKU134","Practical Plastic Fish","20","1","258.17","198.59"
"135","SKU135","Fantastic Concrete Pizza","5","1","936.64","720.49"
"136","SKU136","Sleek Steel Shoes","2","1","285.25","219.42"
"137","SKU137","Small Wooden Shoes","12","1","905.64","696.65"
"138","SKU138","Recycled Rubber Soap","19","1","1122.67","863.59"
"139","SKU139","Recycled Ceramic Bacon","2","1","418.02","321.55"
"140","SKU140","Handcrafted Concrete Computer","10","1","453.95","349.19"
"141","SKU141","Soft Cotton Towels","5","1","404.52","311.17"
"142","SKU142","Handcrafted Wooden Shirt","16","1","769.85","592.19"
"143","SKU143","Handcrafted Concrete Towels","13","1","196.68","151.29"
"144","SKU144","Handcrafted Silk Table","6","1","284.30","218.69"
"145","SKU145","Electronic Granite Bacon","8","1","312.99","240.76"
"146","SKU146","Handmade Gold Chips","12","1","250.63","192.79"
"147","SKU147","Fresh Granite Shoes","2","1","377.19","290.15"
"148","SKU148","Intelligent Granite Table","17","1","1174.28","903.29"
"149","SKU149","Fresh Metal Hat","4","1","201.05","154.65"
"150","SKU150","Fantastic Steel Computer","19","1","1136.26","874.05"
"151","SKU151","Licensed Concrete Salad","13","1","226.84","174.49"
"152","SKU152","Tasty Aluminum Chips","18","1","380.76","292.89"
"153","SKU153","Handmade Silk Mouse","2","1","768.68","591.29"
"154","SKU154","Elegant Concrete Gloves","20","1","282.61","217.39"
"155","SKU155","Ergonomic Aluminum Tuna","9","1","930.61","715.85"
"156","SKU156","Elegant Plastic Gloves","19","1","555.87","427.59"
"157","SKU157","Fresh Ceramic Shirt","9","1","846.50","651.15"
"158","SKU158","Frozen Metal Computer","20","1","495.42","381.09"
"159","SKU159","Recycled Plastic Ball","8","1","632.71","486.70"
"160","SKU160","Small Bronze Shirt","20","1","653.97","503.05"
"161","SKU161","Rustic Aluminum Bacon","20","1","1233.05","948.50"
"162","SKU162","Electronic Wooden Bacon","20","1","1100.66","846.66"
"163","SKU163","Small Plastic Mouse","10","1","604.96","465.35"
"164","SKU164","Refined Ceramic Sausages","20","1","353.93","272.25"
"165","SKU165","Frozen Ceramic Cheese","3","1","653.37","502.59"
"166","SKU166","Fantastic Granite Fish","5","1","883.21","679.39"
"167","SKU167","Awesome Concrete Chicken","4","1","654.80","503.69"
"168","SKU168","Sleek Bamboo Computer","4","1","611.33","470.25"
"169","SKU169","Modern Bronze Shirt","19","1","621.08","477.75"
"170","SKU170","Licensed Gold Pants","2","1","383.10","294.69"
"171","SKU171","Modern Bronze Bike","1","1","1150.81","885.24"
"172","SKU172","Awesome Aluminum Sausages","17","1","712.01","547.70"
"173","SKU173","Electronic Silk Towels","7","1","313.88","241.45"
"174","SKU174","Incredible Steel Chicken","8","1","386.40","297.23"
"175","SKU175","Licensed Concrete Shoes","3","1","277.02","213.09"
"176","SKU176","Electronic Concrete Computer","13","1","713.69","548.99"
"177","SKU177","Incredible Bronze Cheese","6","1","30.80","23.69"
"178","SKU178","Oriental Marble Shoes","9","1","269.76","207.51"
"179","SKU179","Electronic Rubber Soap","7","1","1219.39","937.99"
"180","SKU180","Handcrafted Steel Hat","8","1","571.54","439.65"
"181","SKU181","Handcrafted Gold Soap","7","1","649.99","499.99"
"182","SKU182","Frozen Steel Keyboard","1","1","488.27","375.59"
"183","SKU183","Modern Silk Computer","6","1","444.41","341.85"
"184","SKU184","Oriental Cotton Shirt","20","1","1288.03","990.79"
"185","SKU185","Handmade Metal Cheese","17","1","847.46","651.89"
"186","SKU186","Fantastic Bamboo Shoes","9","1","207.86","159.89"
"187","SKU187","Rustic Aluminum Gloves","4","1","1200.23","923.25"
"188","SKU188","Elegant Aluminum Keyboard","5","1","674.56","518.89"
"189","SKU189","Rustic Bamboo Table","15","1","102.41","78.78"
"190","SKU190","Incredible Steel Hat","15","1","590.19","453.99"
"191","SKU191","Licensed Metal Shoes","17","1","807.16","620.89"
"192","SKU192","Bespoke Plastic Keyboard","17","1","840.44","646.49"
"193","SKU193","Electronic Bamboo Keyboard","15","1","362.17","278.59"
"194","SKU194","Ergonomic Plastic Tuna","6","1","961.29","739.45"
"195","SKU195","Modern Metal Bacon","19","1","787.01","605.39"
"196","SKU196","Ergonomic Cotton Fish","15","1","1169.52","899.63"
"197","SKU197","Fantastic Ceramic Towels","17","1","635.04","488.49"
"198","SKU198","Refined Marble Fish","16","1","1114.09","856.99"
"199","SKU199","Unbranded Metal Bike","14","1","948.16","729.35"
"200","SKU200","Gorgeous Wooden Chips","14","1","98.80","76.00"
"201","SKU201","Electronic Cotton Hat","15","1","82.28","63.29"
"202","SKU202","Bespoke Silk Keyboard","10","1","714.94","549.95"
"203","SKU203","Modern Steel Bike","13","1","439.65","338.19"
"204","SKU204","Handmade Metal Shoes","10","1","120.97","93.05"
"205","SKU205","Licensed Plastic Chips","1","1","141.70","109.00"
"206","SKU206","Intelligent Concrete Ball","16","1","744.50","572.69"
"207","SKU207","Tasty Bamboo Chair","3","1","589.25","453.27"
"208","SKU208","Electronic Bronze Bike","11","1","291.40","224.15"
"209","SKU209","Small Concrete Gloves","8","1","1256.31","966.39"
"210","SKU210","Intelligent Gold Pizza","2","1","20.09","15.45"
"211","SKU211","Tasty Metal Sausages","15","1","306.53","235.79"
"212","SKU212","Tasty Marble Chips","18","1","311.42","239.55"
"213","SKU213","Practical Aluminum Tuna","3","1","23.40","18.00"
"214","SKU214","Handmade Bamboo Fish","6","1","817.04","628.49"
"215","SKU215","Luxurious Cotton Chicken","6","1","462.79","355.99"
"216","SKU216","Sleek Silk Fish","16","1","1202.96","925.35"
"217","SKU217","Recycled Concrete Ball","2","1","319.79","245.99"
"218","SKU218","Fantastic Granite Gloves","20","1","466.04","358.49"
"219","SKU219","Recycled Marble Chicken","13","1","1237.33","951.79"
"220","SKU220","Elegant Concrete Hat","7","1","745.15","573.19"
"221","SKU221","Modern Concrete Table","14","1","515.96","396.89"
"222","SKU222","Licensed Wooden Soap","4","1","213.84","164.49"
"223","SKU223","Sleek Wooden Car","19","1","804.79","619.07"
"224","SKU224","Elegant Ceramic Towels","6","1","998.60","768.15"
"225","SKU225","Unbranded Metal Sausages","9","1","366.60","282.00"
"226","SKU226","Practical Steel Chips","2","1","732.67","563.59"
"227","SKU227","Incredible Cotton Pizza","6","1","149.23","114.79"
"228","SKU228","Incredible Marble Towels","12","1","997.74","767.49"
"229","SKU229","Refined Metal Chicken","5","1","1036.61","797.39"
"230","SKU230","Tasty Ceramic Towels","9","1","583.56","448.89"
"231","SKU231","Generic Plastic Hat","18","1","1253.84","964.49"
"232","SKU232","Fresh Wooden Hat","11","1","1170.51","900.39"
"233","SKU233","Electronic Bronze Sausages","13","1","519.21","399.39"
"234","SKU234","Handmade Marble Salad","17","1","285.21","219.39"
"235","SKU235","Soft Gold Chips","18","1","177.84","136.80"
"236","SKU236","Sleek Gold Towels","18","1","266.10","204.69"
"237","SKU237","Elegant Ceramic Gloves","7","1","1184.94","911.49"
"238","SKU238","Incredible Cotton Table","8","1","732.03","563.10"
"239","SKU239","Tasty Ceramic Bacon","11","1","130.90","100.69"
"240","SKU240","Handcrafted Gold Tuna","15","1","550.41","423.39"
"241","SKU241","Licensed Concrete Car","10","1","799.36","614.89"
"242","SKU242","Electronic Rubber Chips","20","1","1040.51","800.39"
"243","SKU243","Elegant Silk Computer","5","1","371.79","285.99"
"244","SKU244","Sleek Marble Pizza","9","1","610.86","469.89"
"245","SKU245","Elegant Aluminum Cheese","18","1","307.71","236.70"
"246","SKU246","Handcrafted Silk Chips","19","1","1226.42","943.40"
"247","SKU247","Handcrafted Silk Shirt","10","1","975.51","750.39"
"248","SKU248","Licensed Metal Bike","18","1","1054.63","811.25"
"249","SKU249","Soft Granite Bike","15","1","122.79","94.45"
"250","SKU250","Handmade Concrete Ball","20","1","1078.55","829.65"
"251","SKU251","Electronic Silk Chips","2","1","1180.52","908.09"
"252","SKU252","Electronic Marble Soap","3","1","530.08","407.75"
"253","SKU253","Handcrafted Ceramic Pants","19","1","1119.76","861.35"
"254","SKU254","Handcrafted Rubber Keyboard","1","1","304.84","234.49"
"255","SKU255","Generic Ceramic Tuna","8","1","1061.84","816.80"
"256","SKU256","Handmade Gold Chicken","7","1","467.22","359.40"
"257","SKU257","Intelligent Aluminum Cheese","11","1","492.12","378.55"
"258","SKU258","Luxurious Granite Pizza","16","1","290.49","223.45"
"259","SKU259","Awesome Ceramic Salad","16","1","790.13","607.79"
"260","SKU260","Refined Metal Ball","7","1","242.44","186.49"
"261","SKU261","Unbranded Marble Bacon","1","1","1120.48","861.91"
"262","SKU262","Frozen Aluminum Gloves","12","1","700.69","538.99"
"263","SKU263","Refined Metal Pizza","18","1","764.79","588.30"
"264","SKU264","Frozen Gold Gloves","18","1","761.66","585.89"
"265","SKU265","Handmade Gold Bacon","14","1","316.02","243.09"
"266","SKU266","Soft Wooden Chair","16","1","446.09","343.15"
"267","SKU267","Frozen Rubber Fish","16","1","1010.87","777.59"
"268","SKU268","Modern Steel Shoes","10","1","494.51","380.39"
"269","SKU269","Ergonomic Silk Soap","17","1","258.77","199.05"
"270","SKU270","Rustic Silk Chair","10","1","756.98","582.29"
"271","SKU271","Gorgeous Bamboo Fish","9","1","781.81","601.39"
"272","SKU272","Refined Gold Shirt","7","1","943.87","726.05"
"273","SKU273","Gorgeous Granite Soap","7","1","916.62","705.09"
"274","SKU274","Fresh Silk Towels","8","1","603.39","464.15"
"275","SKU275","Licensed Cotton Towels","14","1","340.81","262.16"
"276","SKU276","Bespoke Steel Ball","12","1","1214.06","933.89"
"277","SKU277","Elegant Ceramic Salad","6","1","135.19","103.99"
"278","SKU278","Soft Wooden Fish","16","1","698.48","537.29"
"279","SKU279","Sleek Concrete Car","19","1","307.91","236.85"
"280","SKU280","Tasty Silk Tuna","1","1","873.98","672.29"
"281","SKU281","Tasty Cotton Fish","8","1","939.89","722.99"
"282","SKU282","Electronic Granite Bike","17","1","828.04","636.95"
"283","SKU283","Luxurious Gold Pizza","16","1","1150.23","884.79"
"284","SKU284","Handcrafted Gold Tuna","19","1","1013.47","779.59"
"285","SKU285","Bespoke Aluminum Keyboard","6","1","873.33","671.79"
"286","SKU286","Elegant Aluminum Salad","1","1","826.53","635.79"
"287","SKU287","Fantastic Metal Sausages","20","1","476.19","366.30"
"288","SKU288","Refined Wooden Chair","2","1","782.41","601.85"
"289","SKU289","Soft Wooden Chair","7","1","683.80","526.00"
"290","SKU290","Gorgeous Concrete Shoes","10","1","64.94","49.95"
"291","SKU291","Fantastic Marble Car","15","1","587.25","451.73"
"292","SKU292","Frozen Concrete Cheese","4","1","696.87","536.05"
"293","SKU293","Unbranded Silk Computer","9","1","932.81","717.55"
"294","SKU294","Refined Silk Pizza","12","1","129.08","99.29"
"295","SKU295","Handmade Gold Tuna","11","1","220.68","169.75"
"296","SKU296","Incredible Gold Hat","19","1","460.06","353.89"
"297","SKU297","Fresh Rubber Soap","16","1","757.71","582.85"
"298","SKU298","Sleek Gold Towels","14","1","432.50","332.69"
"299","SKU299","Tasty Rubber Chair","17","1","817.25","628.65"
"300","SKU300","Rustic Concrete Shirt","10","1","974.99","749.99"
"301","SKU301","Rustic Granite Shoes","16","1","682.18","524.75"
"302","SKU302","Tasty Ceramic Tuna","10","1","367.86","282.97"
"303","SKU303","Small Cotton Soap","17","1","770.94","593.03"
"304","SKU304","Handmade Metal Table","10","1","590.78","454.45"
"305","SKU305","Elegant Bronze Salad","2","1","1000.34","769.49"
"306","SKU306","Sleek Cotton Soap","9","1","1226.62","943.55"
"307","SKU307","Intelligent Granite Tuna","7","1","994.75","765.19"
"308","SKU308","Generic Silk Hat","10","1","971.43","747.25"
"309","SKU309","Frozen Ceramic Table","3","1","711.22","547.09"
"310","SKU310","Frozen Plastic Car","12","1","68.31","52.55"
"311","SKU311","Frozen Rubber Salad","10","1","1213.88","933.75"
"312","SKU312","Sleek Plastic Car","15","1","427.25","328.65"
"313","SKU313","Incredible Granite Shoes","14","1","281.44","216.49"
"314","SKU314","Gorgeous Granite Cheese","8","1","376.54","289.65"
"315","SKU315","Modern Marble Keyboard","10","1","746.32","574.09"
"316","SKU316","Elegant Wooden Ball","18","1","625.85","481.42"
"317","SKU317","Electronic Plastic Chicken","20","1","434.13","333.95"
"318","SKU318","Fantastic Rubber Sausages","7","1","1206.00","927.69"
"319","SKU319","Unbranded Cotton Pants","8","1","215.54","165.80"
"320","SKU320","Intelligent Concrete Tuna","18","1","387.52","298.09"
"321","SKU321","Unbranded Marble Gloves","16","1","871.06","670.05"
"322","SKU322","Tasty Steel Towels","1","1","884.90","680.69"
"323","SKU323","Sleek Cotton Cheese","1","1","489.31","376.39"
"324","SKU324","Licensed Concrete Pizza","16","1","1230.45","946.50"
"325","SKU325","Incredible Silk Computer","6","1","912.01","701.55"
"326","SKU326","Sleek Ceramic Table","7","1","561.46","431.89"
"327","SKU327","Modern Metal Computer","8","1","1096.62","843.55"
"328","SKU328","Fantastic Ceramic Bacon","12","1","519.14","399.34"
"329","SKU329","Electronic Wooden Pants","11","1","499.06","383.89"
"330","SKU330","Refined Marble Car","6","1","1235.12","950.09"
"331","SKU331","Unbranded Bronze Tuna","12","1","34.44","26.49"
"332","SKU332","Modern Plastic Chicken","19","1","743.08","571.60"
"333","SKU333","Generic Aluminum Ball","8","1","720.45","554.19"
"334","SKU334","Awesome Aluminum Shirt","17","1","829.65","638.19"
"335","SKU335","Tasty Plastic Car","3","1","118.75","91.35"
"336","SKU336","Generic Plastic Pants","4","1","175.49","134.99"
"337","SKU337","Recycled Steel Hat","10","1","1280.36","984.89"
"338","SKU338","Luxurious Steel Computer","9","1","59.74","45.95"
"339","SKU339","Unbranded Steel Gloves","18","1","343.32","264.09"
"340","SKU340","Tasty Wooden Shirt","15","1","1125.27","865.59"
"341","SKU341","Handcrafted Bronze Table","17","1","615.03","473.10"
"342","SKU342","Handmade Ceramic Table","7","1","1041.29","800.99"
"343","SKU343","Fresh Bamboo Chips","19","1","1272.05","978.50"
"344","SKU344","Licensed Granite Salad","6","1","826.87","636.05"
"345","SKU345","Incredible Rubber Towels","9","1","485.33","373.33"
"346","SKU346","Awesome Granite Pizza","11","1","707.84","544.49"
"347","SKU347","Licensed Rubber Sausages","1","1","406.71","312.85"
"348","SKU348","Electronic Metal Sausages","10","1","224.51","172.70"
"349","SKU349","Electronic Metal Shirt","7","1","890.70","685.15"
"350","SKU350","Incredible Steel Cheese","6","1","523.76","402.89"
"351","SKU351","Frozen Bamboo Chicken","12","1","661.06","508.51"
"352","SKU352","Recycled Concrete Bike","8","1","508.99","391.53"
"353","SKU353","Licensed Aluminum Sausages","9","1","19.18","14.75"
"354","SKU354","Bespoke Aluminum Mouse","8","1","806.90","620.69"
"355","SKU355","Sleek Steel Chips","7","1","747.04","574.65"
"356","SKU356","Luxurious Gold Towels","6","1","677.08","520.83"
"357","SKU357","Ergonomic Ceramic Bacon","3","1","530.52","408.09"
"358","SKU358","Unbranded Aluminum Ball","19","1","472.09","363.15"
"359","SKU359","Refined Steel Chair","6","1","241.79","185.99"
"360","SKU360","Handmade Steel Chicken","4","1","1292.97","994.59"
"361","SKU361","Modern Bamboo Computer","4","1","1297.52","998.09"
"362","SKU362","Modern Bamboo Soap","7","1","954.79","734.45"
"363","SKU363","Licensed Wooden Gloves","20","1","561.20","431.69"
"364","SKU364","Elegant Aluminum Sausages","12","1","747.64","575.11"
"365","SKU365","Refined Bronze Car","12","1","1297.73","998.25"
"366","SKU366","Recycled Bronze Bacon","17","1","919.88","707.60"
"367","SKU367","Intelligent Gold Chair","12","1","570.89","439.15"
"368","SKU368","Handcrafted Gold Computer","18","1","1019.93","784.56"
"369","SKU369","Handmade Steel Chicken","18","1","112.48","86.52"
"370","SKU370","Soft Cotton Gloves","4","1","734.49","564.99"
"371","SKU371","Luxurious Plastic Hat","19","1","499.92","384.55"
"372","SKU372","Small Gold Mouse","20","1","460.01","353.85"
"373","SKU373","Small Granite Mouse","6","1","114.65","88.19"
"374","SKU374","Modern Plastic Gloves","16","1","161.66","124.35"
"375","SKU375","Handcrafted Silk Hat","14","1","1164.27","895.59"
"376","SKU376","Soft Ceramic Tuna","15","1","329.93","253.79"
"377","SKU377","Sleek Aluminum Fish","11","1","71.83","55.25"
"378","SKU378","Rustic Marble Cheese","5","1","297.25","228.65"
"379","SKU379","Licensed Aluminum Ball","18","1","216.78","166.75"
"380","SKU380","Fresh Cotton Shoes","8","1","24.89","19.15"
"381","SKU381","Modern Wooden Gloves","3","1","425.78","327.52"
"382","SKU382","Fantastic Wooden Hat","6","1","238.93","183.79"
"383","SKU383","Generic Bamboo Chair","15","1","1200.80","923.69"
"384","SKU384","Refined Wooden Gloves","12","1","1120.85","862.19"
"385","SKU385","Refined Plastic Soap","12","1","542.61","417.39"
"386","SKU386","Refined Bronze Bike","14","1","1144.13","880.10"
"387","SKU387","Recycled Bronze Ball","12","1","115.82","89.09"
"388","SKU388","Recycled Ceramic Table","15","1","131.55","101.19"
"389","SKU389","Awesome Marble Towels","9","1","87.10","67.00"
"390","SKU390","Modern Metal Soap","12","1","877.81","675.24"
"391","SKU391","Bespoke Wooden Mouse","8","1","992.02","763.09"
"392","SKU392","Handcrafted Cotton Fish","4","1","830.95","639.19"
"393","SKU393","Practical Bamboo Chips","8","1","214.23","164.79"
"394","SKU394","Oriental Bronze Cheese","8","1","1139.70","876.69"
"395","SKU395","Gorgeous Ceramic Chicken","11","1","366.07","281.59"
"396","SKU396","Modern Silk Car","19","1","1061.05","816.19"
"397","SKU397","Awesome Gold Shoes","13","1","387.21","297.85"
"398","SKU398","Recycled Plastic Fish","6","1","936.77","720.59"
"399","SKU399","Refined Steel Towels","9","1","1077.43","828.79"
"400","SKU400","Oriental Wooden Gloves","7","1","896.60","689.69"
"401","SKU401","Recycled Rubber Sausages","8","1","1127.16","867.05"
"402","SKU402","Incredible Aluminum Chair","15","1","1099.27","845.59"
"403","SKU403","Oriental Plastic Table","14","1","598.25","460.19"
"404","SKU404","Incredible Plastic Bacon","12","1","1220.97","939.21"
"405","SKU405","Practical Wooden Pants","18","1","1026.34","789.49"
"406","SKU406","Modern Silk Car","6","1","1108.06","852.35"
"407","SKU407","Electronic Marble Bike","12","1","350.16","269.35"
"408","SKU408","Tasty Wooden Bacon","4","1","305.63","235.10"
"409","SKU409","Fresh Gold Soap","3","1","99.93","76.87"
"410","SKU410","Practical Aluminum Hat","3","1","445.76","342.89"
"411","SKU411","Recycled Bamboo Sausages","3","1","362.17","278.59"
"412","SKU412","Small Steel Fish","5","1","863.58","664.29"
"413","SKU413","Practical Aluminum Table","7","1","368.28","283.29"
"414","SKU414","Unbranded Aluminum Towels","11","1","332.79","255.99"
"415","SKU415","Gorgeous Aluminum Ball","8","1","1193.86","918.35"
"416","SKU416","Awesome Steel Chips","18","1","129.60","99.69"
"417","SKU417","Rustic Rubber Bike","9","1","42.37","32.59"
"418","SKU418","Recycled Gold Bike","18","1","391.76","301.35"
"419","SKU419","Luxurious Aluminum Tuna","19","1","436.53","335.79"
"420","SKU420","Elegant Granite Pizza","1","1","446.80","343.69"
"421","SKU421","Refined Cotton Soap","7","1","862.93","663.79"
"422","SKU422","Tasty Bronze Table","3","1","524.41","403.39"
"423","SKU423","Bespoke Aluminum Pizza","9","1","500.18","384.75"
"424","SKU424","Incredible Silk Chair","6","1","511.62","393.55"
"425","SKU425","Luxurious Marble Salad","11","1","744.19","572.45"
"426","SKU426","Awesome Metal Chicken","7","1","1056.32","812.55"
"427","SKU427","Rustic Gold Chicken","13","1","1011.47","778.05"
"428","SKU428","Practical Bamboo Tuna","15","1","1191.78","916.75"
"429","SKU429","Bespoke Aluminum Computer","11","1","370.82","285.25"
"430","SKU430","Generic Rubber Pants","7","1","1216.01","935.39"
"431","SKU431","Handmade Ceramic Salad","11","1","231.85","178.35"
"432","SKU432","Rustic Bamboo Pizza","20","1","340.93","262.25"
"433","SKU433","Handcrafted Granite Hat","15","1","961.29","739.45"
"434","SKU434","Sleek Bamboo Sausages","7","1","561.07","431.59"
"435","SKU435","Tasty Metal Shoes","18","1","922.60","709.69"
"436","SKU436","Incredible Granite Soap","7","1","1244.41","957.24"
"437","SKU437","Oriental Rubber Table","13","1","1021.01","785.39"
"438","SKU438","Rustic Gold Fish","6","1","364.98","280.75"
"439","SKU439","Oriental Aluminum Sausages","4","1","167.25","128.65"
"440","SKU440","Refined Bronze Bacon","13","1","482.55","371.19"
"441","SKU441","Sleek Concrete Salad","3","1","585.98","450.75"
"442","SKU442","Frozen Steel Pizza","5","1","739.92","569.17"
"443","SKU443","Unbranded Rubber Keyboard","15","1","1218.63","937.41"
"444","SKU444","Recycled Silk Shoes","19","1","627.19","482.45"
"445","SKU445","Fantastic Rubber Bike","3","1","897.77","690.59"
"446","SKU446","Soft Rubber Computer","11","1","247.13","190.10"
"447","SKU447","Fantastic Plastic Salad","17","1","276.20","212.46"
"448","SKU448","Intelligent Rubber Hat","18","1","813.92","626.09"
"449","SKU449","Rustic Metal Table","12","1","131.29","100.99"
"450","SKU450","Soft Ceramic Shirt","9","1","183.20","140.92"
"451","SKU451","Modern Wooden Bike","5","1","281.58","216.60"
"452","SKU452","Awesome Metal Hat","1","1","752.95","579.19"
"453","SKU453","Practical Aluminum Car","19","1","714.34","549.49"
"454","SKU454","Elegant Marble Pizza","12","1","774.53","595.79"
"455","SKU455","Luxurious Bamboo Gloves","8","1","434.97","334.59"
"456","SKU456","Awesome Wooden Tuna","6","1","49.01","37.70"
"457","SKU457","Fresh Steel Table","9","1","214.97","165.36"
"458","SKU458","Incredible Granite Chips","2","1","1169.86","899.89"
"459","SKU459","Tasty Bronze Fish","18","1","335.91","258.39"
"460","SKU460","Luxurious Marble Pizza","15","1","725.46","558.05"
"461","SKU461","Fresh Silk Chair","14","1","1130.01","869.24"
"462","SKU462","Licensed Bamboo Chair","7","1","1066.12","820.09"
"463","SKU463","Generic Gold Chair","12","1","432.06","332.35"
"464","SKU464","Awesome Silk Car","10","1","1240.97","954.59"
"465","SKU465","Handmade Concrete Pizza","9","1","659.48","507.29"
"466","SKU466","Licensed Plastic Chair","1","1","1115.66","858.20"
"467","SKU467","Ergonomic Marble Salad","15","1","192.91","148.39"
"468","SKU468","Licensed Ceramic Chips","8","1","830.71","639.01"
"469","SKU469","Handcrafted Granite Pizza","16","1","194.94","149.95"
"470","SKU470","Fresh Cotton Chair","11","1","84.62","65.09"
"471","SKU471","Bespoke Wooden Tuna","10","1","1021.74","785.95"
"472","SKU472","Unbranded Wooden Cheese","3","1","241.53","185.79"
"473","SKU473","Licensed Rubber Hat","19","1","436.74","335.95"
"474","SKU474","Frozen Bamboo Table","19","1","889.84","684.49"
"475","SKU475","Unbranded Cotton Fish","18","1","43.41","33.39"
"476","SKU476","Small Marble Computer","1","1","859.24","660.95"
"477","SKU477","Sleek Granite Computer","16","1","197.59","151.99"
"478","SKU478","Practical Metal Cheese","14","1","389.42","299.55"
"479","SKU479","Small Gold Keyboard","20","1","481.19","370.15"
"480","SKU480","Fresh Metal Mouse","20","1","795.34","611.80"
"481","SKU481","Luxurious Gold Bike","12","1","1278.82","983.71"
"482","SKU482","Oriental Concrete Chair","14","1","1280.17","984.75"
"483","SKU483","Frozen Ceramic Shirt","17","1","1030.76","792.89"
"484","SKU484","Soft Cotton Tuna","8","1","568.72","437.48"
"485","SKU485","Tasty Gold Bacon","8","1","392.98","302.29"
"486","SKU486","Licensed Plastic Fish","5","1","753.08","579.29"
"487","SKU487","Electronic Aluminum Shoes","10","1","770.96","593.05"
"488","SKU488","Bespoke Silk Salad","2","1","1112.79","855.99"
"489","SKU489","Fresh Bamboo Shoes","16","1","208.38","160.29"
"490","SKU490","Oriental Gold Gloves","8","1","108.80","83.69"
"491","SKU491","Fresh Gold Keyboard","19","1","616.78","474.45"
"492","SKU492","Ergonomic Plastic Pizza","10","1","311.21","239.39"
"493","SKU493","Gorgeous Rubber Cheese","3","1","719.36","553.35"
"494","SKU494","Ergonomic Metal Tuna","8","1","517.78","398.29"
"495","SKU495","Bespoke Plastic Hat","20","1","1002.11","770.85"
"496","SKU496","Fresh Cotton Car","10","1","157.63","121.25"
"497","SKU497","Small Ceramic Gloves","1","1","1224.99","942.30"
"498","SKU498","Frozen Cotton Pizza","10","1","375.83","289.10"
"499","SKU499","Small Silk Shirt","15","1","417.42","321.09"
"500","SKU500","Incredible Gold Salad","15","1","1082.63","832.79"
