id,product_id,warehouse_id,quantity_on_hand,reorder_status,last_counted_at,created_at
1,1,1,20,optimal,2024-04-24,2025-02-28 13:02:17
2,1,2,21,optimal,2025-02-20,2024-06-01 23:10:20
3,1,3,56,optimal,2024-07-12,2026-04-29 14:50:56
4,2,1,75,optimal,2025-07-23,2026-02-03 20:20:23
5,2,2,27,optimal,2024-04-06,2026-01-06 09:45:31
6,2,3,16,optimal,2024-10-01,2025-07-30 15:42:24
7,3,1,78,optimal,2025-06-07,2024-04-14 04:42:59
8,3,2,35,optimal,2025-08-24,2025-10-24 15:38:30
9,3,3,24,optimal,2024-09-24,2024-01-16 22:09:52
10,4,1,83,optimal,2024-06-29,2025-07-16 22:57:19
11,4,2,54,optimal,2025-07-06,2024-09-03 08:57:54
12,4,3,85,optimal,2024-04-16,2025-06-29 18:07:37
13,5,1,97,optimal,2024-10-27,2025-11-06 12:37:14
14,5,2,96,optimal,2025-01-12,2024-12-14 14:06:03
15,5,3,26,optimal,2024-09-14,2024-11-20 20:09:19
16,6,1,38,optimal,2024-10-09,2026-02-07 00:33:35
17,6,2,38,optimal,2026-04-17,2025-04-14 14:22:26
18,6,3,8,optimal,2024-10-09,2025-08-23 14:55:22
19,7,1,4,optimal,2024-05-09,2024-03-18 11:29:10
20,7,2,52,optimal,2026-03-22,2025-03-16 18:25:03
21,7,3,32,optimal,2025-05-17,2026-03-29 13:52:25
22,8,1,31,optimal,2025-03-04,2025-06-27 10:59:17
23,8,2,96,optimal,2025-04-29,2026-04-21 02:36:37
24,8,3,98,optimal,2024-05-03,2026-01-06 07:26:17
25,9,1,22,optimal,2024-11-26,2024-03-04 08:22:54
26,9,2,30,optimal,2025-12-10,2025-10-25 21:45:06
27,9,3,99,optimal,2025-09-01,2025-11-04 10:47:03
28,10,1,31,optimal,2026-02-04,2025-11-04 13:09:24
29,10,2,64,optimal,2026-01-21,2024-12-19 18:17:18
30,10,3,99,optimal,2024-10-22,2025-01-28 00:15:32
31,11,1,3,optimal,2025-12-16,2026-01-05 04:48:33
32,11,2,53,optimal,2025-01-19,2024-09-19 09:19:21
33,11,3,20,optimal,2024-03-25,2024-06-06 10:28:42
34,12,1,78,optimal,2024-04-11,2025-05-07 23:39:38
35,12,2,8,optimal,2024-09-10,2026-02-26 09:55:44
36,12,3,9,optimal,2024-09-20,2024-07-04 21:13:57
37,13,1,0,optimal,2025-04-28,2025-12-10 14:45:23
38,13,2,28,optimal,2025-03-18,2025-04-03 02:23:21
39,13,3,11,optimal,2025-08-20,2025-08-23 19:53:49
40,14,1,69,optimal,2026-03-29,2025-03-01 01:49:01
41,14,2,7,optimal,2025-03-27,2024-03-15 22:07:19
42,14,3,16,optimal,2024-11-03,2024-07-24 21:02:36
43,15,1,61,optimal,2026-04-30,2025-04-28 07:12:41
44,15,2,33,optimal,2024-01-04,2025-05-13 15:09:12
45,15,3,60,optimal,2026-03-30,2025-01-14 11:28:55
46,16,1,74,optimal,2024-12-15,2024-08-02 07:00:49
47,16,2,50,optimal,2025-05-05,2025-07-19 04:27:00
48,16,3,3,optimal,2025-10-21,2025-04-29 07:21:20
49,17,1,68,optimal,2024-02-25,2026-01-11 20:15:14
50,17,2,69,optimal,2024-10-12,2024-10-03 05:38:03
51,17,3,6,optimal,2024-12-18,2024-04-23 17:46:59
52,18,1,10,optimal,2026-01-12,2025-12-15 01:05:37
53,18,2,15,optimal,2025-07-20,2024-12-22 00:43:34
54,18,3,42,optimal,2024-04-14,2026-04-14 02:11:26
55,19,1,88,optimal,2024-07-14,2025-03-21 12:56:35
56,19,2,21,optimal,2024-09-20,2025-07-21 21:13:32
57,19,3,92,optimal,2025-12-27,2024-07-26 06:52:31
58,20,1,50,optimal,2024-12-02,2025-12-10 21:52:49
59,20,2,18,optimal,2026-02-16,2024-04-20 04:05:58
60,20,3,68,optimal,2024-08-03,2026-04-20 01:05:28
61,21,1,26,optimal,2025-11-02,2024-07-26 11:59:38
62,21,2,19,optimal,2024-12-22,2025-01-22 16:39:31
63,21,3,60,optimal,2024-09-09,2025-10-27 03:57:20
64,22,1,27,optimal,2024-10-10,2024-11-03 04:21:14
65,22,2,3,optimal,2025-04-29,2026-01-24 12:23:39
66,22,3,28,optimal,2024-05-02,2026-03-20 16:54:38
67,23,1,31,optimal,2025-02-09,2024-08-20 22:10:12
68,23,2,93,optimal,2024-09-07,2026-02-23 16:05:35
69,23,3,87,optimal,2024-11-18,2025-08-13 21:44:23
70,24,1,67,optimal,2024-05-18,2024-08-16 09:53:51
71,24,2,98,optimal,2026-01-18,2025-04-19 09:39:14
72,24,3,50,optimal,2026-03-20,2025-10-26 10:59:29
73,25,1,7,optimal,2026-03-27,2025-11-17 01:30:11
74,25,2,56,optimal,2024-11-23,2026-04-16 19:41:01
75,25,3,97,optimal,2025-09-27,2025-07-03 16:46:47
76,26,1,11,optimal,2024-12-26,2024-05-08 21:57:38
77,26,2,96,optimal,2026-02-18,2024-03-19 22:29:03
78,26,3,94,optimal,2025-05-16,2025-03-10 13:42:37
79,27,1,93,optimal,2025-02-11,2025-03-11 14:15:20
80,27,2,30,optimal,2024-06-11,2025-10-18 15:48:32
81,27,3,0,optimal,2026-04-19,2026-01-11 17:20:38
82,28,1,39,optimal,2026-01-06,2026-03-14 11:06:39
83,28,2,91,optimal,2024-06-15,2024-02-24 10:31:53
84,28,3,79,optimal,2026-04-07,2025-04-26 06:30:30
85,29,1,21,optimal,2025-06-29,2025-10-30 08:48:15
86,29,2,59,optimal,2025-08-27,2024-06-03 16:06:13
87,29,3,38,optimal,2024-11-10,2025-04-12 06:02:44
88,30,1,18,optimal,2025-11-15,2024-08-28 15:55:32
89,30,2,77,optimal,2025-12-15,2025-05-08 23:02:49
90,30,3,28,optimal,2024-08-03,2025-08-17 09:49:40
91,31,1,88,optimal,2024-10-28,2025-01-28 06:48:49
92,31,2,63,optimal,2025-03-02,2026-04-20 16:50:33
93,31,3,100,optimal,2026-02-22,2024-12-09 18:56:43
94,32,1,42,optimal,2025-03-17,2025-12-04 02:11:23
95,32,2,37,optimal,2025-12-16,2025-08-17 02:26:29
96,32,3,71,optimal,2026-01-18,2025-12-20 04:28:58
97,33,1,40,optimal,2024-02-18,2024-06-29 09:54:39
98,33,2,36,optimal,2026-04-25,2024-07-03 21:59:05
99,33,3,91,optimal,2026-03-24,2025-08-02 19:52:55
100,34,1,65,optimal,2024-03-26,2024-07-30 04:52:32
101,34,2,37,optimal,2024-01-29,2024-04-26 07:19:08
102,34,3,27,optimal,2024-09-20,2024-03-19 16:05:35
103,35,1,52,optimal,2024-12-12,2024-11-27 05:18:00
104,35,2,77,optimal,2024-07-15,2025-11-06 01:29:39
105,35,3,11,optimal,2024-11-21,2025-11-02 12:55:20
106,36,1,67,optimal,2025-05-20,2025-05-09 16:53:02
107,36,2,15,optimal,2025-08-18,2024-08-30 21:36:10
108,36,3,79,optimal,2024-03-24,2024-06-03 23:14:01
109,37,1,69,optimal,2024-07-27,2025-12-13 16:04:24
110,37,2,93,optimal,2025-10-18,2024-08-28 19:41:08
111,37,3,92,optimal,2026-05-02,2025-10-26 20:57:30
112,38,1,99,optimal,2026-04-06,2024-11-26 01:18:58
113,38,2,95,optimal,2026-02-13,2024-08-12 02:42:53
114,38,3,90,optimal,2025-07-23,2026-02-07 04:20:11
115,39,1,26,optimal,2024-02-26,2026-03-17 07:44:16
116,39,2,87,optimal,2024-08-13,2024-05-23 11:54:30
117,39,3,5,optimal,2025-08-25,2025-04-28 16:48:32
118,40,1,28,optimal,2024-07-31,2025-05-14 22:13:35
119,40,2,3,optimal,2024-08-07,2024-04-25 00:03:11
120,40,3,80,optimal,2024-06-11,2025-07-16 20:45:07
121,41,1,26,optimal,2025-09-14,2025-05-21 13:12:36
122,41,2,85,optimal,2024-01-24,2024-06-04 19:22:17
123,41,3,63,optimal,2025-05-26,2025-03-29 10:04:57
124,42,1,96,optimal,2026-03-03,2025-01-22 19:33:11
125,42,2,54,optimal,2024-04-29,2024-03-20 23:40:17
126,42,3,55,optimal,2025-11-15,2025-11-09 09:43:41
127,43,1,90,optimal,2025-03-07,2026-04-30 16:12:08
128,43,2,96,optimal,2025-04-18,2024-11-10 02:52:10
129,43,3,79,optimal,2024-09-05,2026-01-17 05:11:57
130,44,1,32,optimal,2024-08-07,2024-02-05 14:30:58
131,44,2,69,optimal,2025-08-14,2025-07-20 03:46:42
132,44,3,34,optimal,2025-05-13,2025-10-12 18:04:32
133,45,1,96,optimal,2024-05-16,2024-09-27 11:40:41
134,45,2,11,optimal,2024-08-27,2024-08-16 02:29:48
135,45,3,13,optimal,2024-05-03,2025-09-16 23:26:03
136,46,1,71,optimal,2024-03-17,2024-01-03 00:29:08
137,46,2,33,optimal,2025-12-02,2024-06-14 23:28:02
138,46,3,58,optimal,2025-03-16,2024-06-19 01:26:51
139,47,1,62,optimal,2024-09-11,2025-11-05 17:40:49
140,47,2,77,optimal,2025-01-23,2025-09-12 00:26:13
141,47,3,61,optimal,2026-01-31,2025-11-05 15:01:26
142,48,1,27,optimal,2024-11-16,2025-06-08 21:56:18
143,48,2,66,optimal,2024-08-30,2024-04-22 08:08:46
144,48,3,24,optimal,2024-10-09,2026-01-15 09:29:16
145,49,1,77,optimal,2025-12-19,2026-02-14 19:12:56
146,49,2,31,optimal,2026-01-23,2025-07-03 16:49:23
147,49,3,66,optimal,2025-11-08,2025-03-28 14:01:07
148,50,1,10,optimal,2024-12-08,2024-04-06 19:12:21
149,50,2,97,optimal,2024-04-05,2026-02-19 18:12:48
150,50,3,75,optimal,2024-01-23,2024-11-02 03:00:06
151,51,1,51,optimal,2024-11-12,2024-06-21 11:54:02
152,51,2,15,optimal,2025-08-17,2024-05-15 19:00:49
153,51,3,53,optimal,2024-08-25,2025-11-04 21:35:46
154,52,1,42,optimal,2024-01-23,2025-08-17 13:46:49
155,52,2,68,optimal,2024-09-27,2024-09-18 16:17:11
156,52,3,51,optimal,2024-07-31,2025-10-12 05:40:47
157,53,1,76,optimal,2026-02-10,2024-09-19 18:37:03
158,53,2,75,optimal,2025-12-01,2025-05-27 18:52:15
159,53,3,43,optimal,2025-08-28,2024-04-07 14:14:54
160,54,1,62,optimal,2024-01-13,2025-07-05 07:09:03
161,54,2,72,optimal,2024-04-12,2025-01-03 22:14:30
162,54,3,40,optimal,2025-08-14,2024-04-27 10:47:38
163,55,1,44,optimal,2024-01-04,2024-09-23 09:44:33
164,55,2,50,optimal,2024-06-27,2024-02-26 12:13:36
165,55,3,95,optimal,2024-07-23,2024-05-01 23:01:35
166,56,1,31,optimal,2025-04-09,2024-11-26 15:59:14
167,56,2,22,optimal,2026-04-07,2026-02-19 13:58:12
168,56,3,97,optimal,2025-08-02,2025-11-14 15:49:05
169,57,1,49,optimal,2024-04-22,2024-03-25 11:13:11
170,57,2,72,optimal,2025-06-24,2024-10-31 18:31:50
171,57,3,12,optimal,2026-03-12,2025-09-12 13:58:05
172,58,1,35,optimal,2024-01-05,2024-04-04 18:32:41
173,58,2,7,optimal,2025-06-23,2025-04-26 04:47:54
174,58,3,74,optimal,2025-07-28,2025-04-30 20:43:30
175,59,1,80,optimal,2025-11-15,2024-11-07 07:25:09
176,59,2,79,optimal,2026-01-30,2025-12-01 15:01:40
177,59,3,63,optimal,2024-04-19,2024-05-24 00:24:43
178,60,1,47,optimal,2025-04-12,2024-10-08 01:47:46
179,60,2,43,optimal,2025-01-24,2025-12-08 11:51:23
180,60,3,42,optimal,2025-01-09,2024-10-14 10:22:06
181,61,1,98,optimal,2024-08-26,2026-01-15 16:07:23
182,61,2,29,optimal,2025-02-12,2024-03-12 10:24:45
183,61,3,96,optimal,2024-01-02,2024-08-21 10:12:44
184,62,1,94,optimal,2024-06-05,2024-06-26 23:16:17
185,62,2,5,optimal,2025-03-15,2026-03-11 08:01:05
186,62,3,46,optimal,2024-12-05,2025-07-21 01:12:57
187,63,1,96,optimal,2025-08-21,2026-02-15 09:34:32
188,63,2,47,optimal,2024-06-20,2025-12-25 21:37:31
189,63,3,34,optimal,2025-06-08,2025-02-25 18:50:44
190,64,1,92,optimal,2026-02-09,2026-02-21 13:21:19
191,64,2,70,optimal,2026-01-29,2024-02-17 13:47:02
192,64,3,72,optimal,2025-02-25,2025-10-06 18:10:15
193,65,1,51,optimal,2025-05-07,2024-12-25 05:25:53
194,65,2,86,optimal,2026-03-03,2024-12-07 15:13:04
195,65,3,34,optimal,2024-05-31,2025-04-04 08:31:42
196,66,1,45,optimal,2025-03-09,2024-04-09 10:14:08
197,66,2,16,optimal,2026-02-20,2025-01-21 14:31:12
198,66,3,15,optimal,2025-02-07,2025-03-28 03:36:32
199,67,1,8,optimal,2024-12-05,2025-08-02 18:37:59
200,67,2,68,optimal,2025-08-01,2024-03-22 16:42:21
201,67,3,10,optimal,2024-04-26,2024-08-25 04:44:37
202,68,1,70,optimal,2024-01-24,2025-12-20 15:25:03
203,68,2,86,optimal,2024-02-12,2025-05-05 06:11:13
204,68,3,80,optimal,2024-09-01,2024-08-08 14:11:26
205,69,1,94,optimal,2026-02-23,2024-11-10 10:35:17
206,69,2,98,optimal,2026-01-21,2024-08-29 09:47:15
207,69,3,32,optimal,2025-12-07,2024-04-05 02:08:39
208,70,1,38,optimal,2025-10-02,2025-02-20 10:24:35
209,70,2,45,optimal,2025-04-17,2025-05-16 07:05:26
210,70,3,28,optimal,2024-04-15,2024-06-17 17:19:58
211,71,1,45,optimal,2025-07-04,2025-02-15 20:20:58
212,71,2,13,optimal,2024-06-22,2026-03-02 07:38:29
213,71,3,73,optimal,2024-12-01,2025-07-14 17:23:55
214,72,1,15,optimal,2024-03-08,2024-11-24 11:07:25
215,72,2,32,optimal,2025-09-01,2025-05-02 20:09:27
216,72,3,4,optimal,2025-02-23,2025-08-12 12:57:45
217,73,1,8,optimal,2024-09-06,2026-01-11 12:29:47
218,73,2,79,optimal,2025-04-27,2024-09-01 10:04:02
219,73,3,52,optimal,2024-06-20,2025-11-02 04:38:12
220,74,1,25,optimal,2025-05-07,2024-03-29 03:58:35
221,74,2,94,optimal,2025-01-07,2024-06-11 17:22:48
222,74,3,59,optimal,2024-04-20,2024-07-09 04:49:21
223,75,1,35,optimal,2024-07-16,2025-06-02 11:15:36
224,75,2,27,optimal,2025-11-21,2025-08-25 19:09:47
225,75,3,11,optimal,2025-11-01,2025-07-05 15:00:26
226,76,1,9,optimal,2024-04-24,2025-03-12 07:20:37
227,76,2,86,optimal,2026-03-22,2024-12-12 09:09:27
228,76,3,14,optimal,2025-03-15,2024-03-26 09:17:41
229,77,1,40,optimal,2024-07-13,2025-12-10 14:24:17
230,77,2,49,optimal,2024-02-14,2024-10-06 02:51:08
231,77,3,55,optimal,2025-10-27,2024-10-21 21:29:15
232,78,1,57,optimal,2025-05-30,2025-10-28 20:15:22
233,78,2,19,optimal,2026-01-12,2024-02-29 12:27:23
234,78,3,100,optimal,2024-02-01,2024-09-29 08:04:13
235,79,1,79,optimal,2025-04-22,2024-03-26 18:01:44
236,79,2,70,optimal,2025-07-18,2025-02-14 01:07:42
237,79,3,25,optimal,2025-01-19,2025-07-20 04:30:18
238,80,1,93,optimal,2026-05-02,2024-07-31 20:58:52
239,80,2,17,optimal,2025-12-28,2024-07-03 20:44:11
240,80,3,64,optimal,2025-08-24,2024-09-23 23:39:55
241,81,1,75,optimal,2025-05-12,2024-06-11 15:05:54
242,81,2,84,optimal,2025-01-02,2025-11-07 00:00:35
243,81,3,91,optimal,2024-01-17,2025-05-09 17:37:18
244,82,1,10,optimal,2024-06-11,2025-09-29 23:45:06
245,82,2,48,optimal,2024-01-11,2026-01-26 05:00:48
246,82,3,28,optimal,2024-06-22,2025-01-31 23:47:14
247,83,1,20,optimal,2024-09-21,2025-04-12 11:38:08
248,83,2,39,optimal,2025-09-27,2024-09-08 23:55:42
249,83,3,84,optimal,2024-09-06,2025-06-21 10:39:48
250,84,1,33,optimal,2024-01-10,2025-03-11 23:44:11
251,84,2,14,optimal,2024-02-23,2026-02-19 01:36:09
252,84,3,48,optimal,2026-01-20,2026-03-04 06:05:33
253,85,1,88,optimal,2024-08-08,2026-05-04 04:19:26
254,85,2,18,optimal,2025-12-04,2024-09-13 14:37:01
255,85,3,56,optimal,2024-01-01,2025-07-01 12:29:38
256,86,1,5,optimal,2026-03-02,2024-04-23 09:42:47
257,86,2,34,optimal,2025-11-19,2025-03-11 21:46:58
258,86,3,55,optimal,2025-05-24,2024-11-22 12:53:45
259,87,1,83,optimal,2024-03-02,2025-07-21 18:02:02
260,87,2,5,optimal,2026-05-01,2024-03-07 09:15:30
261,87,3,41,optimal,2026-05-04,2025-12-31 19:00:25
262,88,1,54,optimal,2025-08-19,2025-02-08 21:38:54
263,88,2,50,optimal,2024-09-14,2026-03-31 03:12:00
264,88,3,18,optimal,2026-04-23,2026-04-03 08:07:17
265,89,1,50,optimal,2024-09-02,2025-04-02 17:27:26
266,89,2,33,optimal,2025-04-12,2024-01-20 18:39:52
267,89,3,85,optimal,2025-09-23,2024-07-20 23:17:58
268,90,1,30,optimal,2025-12-10,2024-10-11 19:45:03
269,90,2,49,optimal,2026-01-19,2024-08-31 14:18:50
270,90,3,46,optimal,2025-12-05,2026-02-26 17:40:09
271,91,1,99,optimal,2026-05-08,2024-03-09 22:16:42
272,91,2,97,optimal,2025-09-30,2025-04-16 06:54:20
273,91,3,35,optimal,2026-01-11,2024-02-13 09:40:14
274,92,1,88,optimal,2025-06-27,2026-03-28 13:56:30
275,92,2,91,optimal,2025-07-23,2024-11-17 08:39:40
276,92,3,81,optimal,2024-02-19,2025-10-09 07:17:27
277,93,1,28,optimal,2024-03-21,2024-04-25 06:36:43
278,93,2,19,optimal,2024-02-15,2024-04-01 17:39:50
279,93,3,91,optimal,2024-05-30,2024-10-03 17:15:14
280,94,1,80,optimal,2024-01-01,2025-08-01 22:10:00
281,94,2,91,optimal,2025-01-27,2025-03-22 00:18:09
282,94,3,9,optimal,2026-02-19,2024-03-05 15:48:46
283,95,1,93,optimal,2025-12-11,2024-11-01 10:25:08
284,95,2,45,optimal,2025-05-22,2025-08-02 22:25:26
285,95,3,58,optimal,2024-02-08,2024-10-05 04:08:48
286,96,1,25,optimal,2026-03-09,2024-01-30 15:04:22
287,96,2,100,optimal,2025-10-06,2024-07-16 21:39:12
288,96,3,85,optimal,2024-02-21,2025-08-05 04:57:46
289,97,1,6,optimal,2025-08-03,2024-02-25 03:28:53
290,97,2,90,optimal,2024-05-23,2024-08-22 21:14:33
291,97,3,7,optimal,2025-04-29,2026-01-07 13:39:44
292,98,1,13,optimal,2025-08-11,2025-01-04 19:01:33
293,98,2,16,optimal,2024-10-13,2026-04-28 19:14:39
294,98,3,65,optimal,2024-09-02,2025-07-02 02:16:25
295,99,1,70,optimal,2025-02-23,2025-08-25 07:17:40
296,99,2,3,optimal,2025-12-08,2026-03-14 01:36:02
297,99,3,78,optimal,2024-11-11,2025-06-21 05:55:36
298,100,1,21,optimal,2026-04-14,2025-03-28 08:16:03
299,100,2,26,optimal,2024-02-09,2026-04-24 06:00:17
300,100,3,14,optimal,2025-11-04,2026-05-09 22:16:35
301,101,1,14,optimal,2025-01-29,2025-01-26 09:32:52
302,101,2,86,optimal,2024-03-24,2025-04-03 00:14:39
303,101,3,49,optimal,2024-08-09,2025-02-19 12:51:00
304,102,1,63,optimal,2025-10-28,2025-01-25 14:30:23
305,102,2,87,optimal,2024-02-25,2026-04-02 11:52:59
306,102,3,31,optimal,2026-01-27,2026-01-18 03:53:55
307,103,1,2,optimal,2024-06-24,2025-01-31 11:19:25
308,103,2,11,optimal,2025-12-31,2026-02-17 09:01:56
309,103,3,73,optimal,2025-03-08,2025-10-11 23:29:35
310,104,1,74,optimal,2024-03-16,2024-09-13 11:17:26
311,104,2,12,optimal,2024-07-05,2026-02-12 02:04:12
312,104,3,79,optimal,2024-01-15,2025-04-06 17:31:47
313,105,1,89,optimal,2024-08-02,2026-01-07 10:53:26
314,105,2,42,optimal,2025-09-12,2025-04-21 01:01:00
315,105,3,79,optimal,2026-03-22,2025-04-11 13:10:11
316,106,1,40,optimal,2025-09-19,2026-01-06 09:09:08
317,106,2,1,optimal,2024-09-17,2025-10-24 02:30:55
318,106,3,23,optimal,2024-07-11,2024-04-14 10:42:57
319,107,1,27,optimal,2025-04-13,2025-06-29 00:47:02
320,107,2,0,optimal,2024-04-19,2025-02-09 06:28:09
321,107,3,75,optimal,2026-03-21,2026-01-16 13:50:34
322,108,1,32,optimal,2025-09-08,2025-11-23 06:52:32
323,108,2,61,optimal,2024-12-16,2025-11-23 18:56:29
324,108,3,88,optimal,2024-05-14,2026-03-01 12:20:07
325,109,1,87,optimal,2024-05-29,2024-03-10 13:56:42
326,109,2,24,optimal,2025-01-31,2026-04-21 14:37:02
327,109,3,36,optimal,2024-11-16,2026-03-09 05:22:02
328,110,1,91,optimal,2025-05-01,2024-12-01 20:45:47
329,110,2,79,optimal,2025-05-07,2024-01-17 09:16:25
330,110,3,38,optimal,2026-01-17,2024-02-27 10:37:03
331,111,1,25,optimal,2025-05-19,2024-02-19 09:58:16
332,111,2,88,optimal,2026-01-15,2024-08-11 16:45:08
333,111,3,48,optimal,2025-11-17,2026-03-22 03:52:09
334,112,1,63,optimal,2024-12-05,2024-08-15 11:42:42
335,112,2,56,optimal,2025-02-12,2026-01-10 16:10:33
336,112,3,8,optimal,2024-06-26,2025-04-04 14:31:41
337,113,1,60,optimal,2025-01-26,2026-03-22 09:52:41
338,113,2,27,optimal,2024-12-11,2024-12-13 15:51:46
339,113,3,6,optimal,2024-08-11,2025-10-21 17:45:09
340,114,1,95,optimal,2024-10-31,2024-06-01 03:25:34
341,114,2,26,optimal,2025-04-06,2024-04-12 03:39:10
342,114,3,56,optimal,2026-01-06,2025-07-30 12:12:38
343,115,1,1,optimal,2024-09-05,2024-12-27 16:16:58
344,115,2,75,optimal,2024-04-30,2024-11-15 14:57:19
345,115,3,3,optimal,2024-10-18,2024-06-21 08:39:09
346,116,1,13,optimal,2025-05-11,2026-02-04 08:00:38
347,116,2,5,optimal,2025-03-03,2024-11-06 11:02:03
348,116,3,50,optimal,2025-04-18,2024-02-18 19:07:25
349,117,1,25,optimal,2026-04-14,2024-05-26 06:31:32
350,117,2,88,optimal,2026-02-16,2024-06-19 06:49:58
351,117,3,73,optimal,2026-01-30,2024-09-13 15:38:17
352,118,1,36,optimal,2025-08-08,2024-02-18 06:01:33
353,118,2,87,optimal,2026-05-02,2025-04-06 08:20:27
354,118,3,16,optimal,2024-09-24,2026-01-27 00:45:26
355,119,1,37,optimal,2025-10-14,2024-11-23 02:26:32
356,119,2,68,optimal,2025-01-24,2025-12-12 13:09:26
357,119,3,70,optimal,2025-09-23,2024-06-15 18:14:18
358,120,1,69,optimal,2025-09-28,2025-03-10 08:49:18
359,120,2,45,optimal,2026-01-19,2025-06-12 11:32:36
360,120,3,35,optimal,2024-12-18,2025-02-24 22:59:31
361,121,1,8,optimal,2025-07-30,2025-07-10 02:54:10
362,121,2,88,optimal,2024-03-21,2024-01-26 04:06:47
363,121,3,95,optimal,2025-09-06,2024-11-25 11:49:32
364,122,1,63,optimal,2026-02-27,2026-05-08 17:20:40
365,122,2,22,optimal,2025-04-17,2024-02-01 19:44:39
366,122,3,85,optimal,2024-06-12,2025-03-27 19:39:29
367,123,1,63,optimal,2024-09-01,2024-03-30 20:59:27
368,123,2,66,optimal,2024-02-02,2025-10-19 04:33:35
369,123,3,39,optimal,2025-03-19,2026-03-11 06:39:17
370,124,1,34,optimal,2024-05-13,2024-02-05 12:34:33
371,124,2,78,optimal,2026-03-09,2025-10-30 22:26:33
372,124,3,37,optimal,2025-01-13,2024-03-29 06:24:20
373,125,1,66,optimal,2025-11-22,2025-05-23 22:30:20
374,125,2,20,optimal,2025-01-10,2025-10-08 08:46:10
375,125,3,15,optimal,2024-05-29,2026-03-23 23:52:57
376,126,1,61,optimal,2025-09-06,2024-10-24 09:44:47
377,126,2,63,optimal,2024-03-04,2025-07-15 19:43:43
378,126,3,1,optimal,2025-12-30,2024-07-13 02:37:51
379,127,1,6,optimal,2025-07-06,2024-08-09 02:06:51
380,127,2,4,optimal,2025-10-24,2026-04-04 07:53:29
381,127,3,87,optimal,2024-05-12,2026-03-23 00:47:57
382,128,1,28,optimal,2025-02-17,2024-05-22 05:49:42
383,128,2,16,optimal,2026-05-02,2025-10-30 17:10:43
384,128,3,85,optimal,2024-12-07,2024-10-16 09:53:31
385,129,1,4,optimal,2024-06-14,2024-12-08 17:44:34
386,129,2,84,optimal,2024-01-04,2025-03-02 11:05:31
387,129,3,25,optimal,2025-05-23,2024-04-08 09:35:18
388,130,1,18,optimal,2024-05-18,2024-09-02 06:16:59
389,130,2,64,optimal,2024-12-24,2024-07-03 19:57:06
390,130,3,42,optimal,2024-07-31,2024-11-07 11:12:32
391,131,1,18,optimal,2025-11-06,2025-08-12 18:19:40
392,131,2,98,optimal,2024-06-11,2024-07-23 22:23:57
393,131,3,18,optimal,2025-08-08,2025-06-16 14:31:41
394,132,1,5,optimal,2024-04-06,2025-06-19 20:08:49
395,132,2,11,optimal,2024-03-08,2024-04-20 02:42:00
396,132,3,5,optimal,2026-02-02,2025-07-09 05:16:18
397,133,1,36,optimal,2024-06-30,2025-05-27 20:27:04
398,133,2,26,optimal,2024-06-27,2024-06-16 16:34:12
399,133,3,42,optimal,2025-01-12,2025-12-18 07:12:53
400,134,1,1,optimal,2025-05-18,2025-02-19 15:04:20
401,134,2,74,optimal,2024-02-02,2024-06-09 02:55:25
402,134,3,1,optimal,2025-08-16,2025-11-23 11:40:16
403,135,1,6,optimal,2024-02-20,2025-02-04 23:06:56
404,135,2,1,optimal,2025-10-22,2026-04-13 01:44:28
405,135,3,34,optimal,2026-05-08,2026-04-21 01:45:56
406,136,1,7,optimal,2024-11-13,2024-06-23 11:40:47
407,136,2,92,optimal,2025-07-01,2025-03-22 22:24:39
408,136,3,62,optimal,2026-04-02,2026-03-10 21:57:46
409,137,1,6,optimal,2025-11-04,2026-02-19 13:25:20
410,137,2,98,optimal,2025-05-21,2025-01-31 02:53:44
411,137,3,51,optimal,2024-11-12,2025-07-10 12:31:08
412,138,1,79,optimal,2024-08-16,2024-09-07 20:10:43
413,138,2,24,optimal,2024-07-27,2025-09-12 16:08:50
414,138,3,54,optimal,2025-03-05,2024-08-14 15:36:02
415,139,1,54,optimal,2024-12-22,2026-02-11 12:00:27
416,139,2,94,optimal,2025-03-31,2026-03-12 15:30:56
417,139,3,61,optimal,2024-10-15,2024-03-23 21:47:23
418,140,1,3,optimal,2025-03-09,2024-02-28 21:12:04
419,140,2,50,optimal,2024-04-19,2024-08-17 05:00:46
420,140,3,98,optimal,2025-01-05,2025-11-08 21:28:02
421,141,1,71,optimal,2026-04-02,2024-07-03 23:30:59
422,141,2,63,optimal,2025-07-11,2024-09-11 05:12:38
423,141,3,85,optimal,2024-02-25,2025-08-13 01:35:09
424,142,1,95,optimal,2025-08-10,2025-10-14 03:13:37
425,142,2,14,optimal,2025-10-31,2025-03-06 11:44:57
426,142,3,39,optimal,2024-07-07,2024-09-03 02:24:23
427,143,1,39,optimal,2025-05-27,2024-02-26 15:49:03
428,143,2,91,optimal,2026-03-20,2025-08-08 02:10:14
429,143,3,34,optimal,2024-10-19,2025-02-10 04:53:08
430,144,1,81,optimal,2024-12-19,2024-06-21 00:37:49
431,144,2,42,optimal,2025-09-17,2025-12-21 10:17:13
432,144,3,41,optimal,2025-11-05,2025-07-06 08:36:39
433,145,1,67,optimal,2024-11-12,2024-02-10 11:26:46
434,145,2,95,optimal,2026-01-29,2025-02-27 03:48:35
435,145,3,53,optimal,2025-11-15,2024-08-08 09:02:16
436,146,1,81,optimal,2024-11-07,2025-06-24 05:02:22
437,146,2,75,optimal,2024-05-19,2025-03-18 08:35:50
438,146,3,97,optimal,2024-11-29,2024-11-03 08:42:07
439,147,1,18,optimal,2025-09-28,2025-06-03 19:48:58
440,147,2,48,optimal,2025-04-22,2024-04-27 00:01:59
441,147,3,44,optimal,2025-08-24,2024-11-27 03:56:27
442,148,1,23,optimal,2026-03-06,2025-08-24 09:34:38
443,148,2,14,optimal,2025-01-03,2025-03-30 14:04:54
444,148,3,26,optimal,2024-05-07,2026-02-15 21:44:57
445,149,1,16,optimal,2024-06-21,2026-02-09 23:23:03
446,149,2,77,optimal,2025-05-29,2024-07-08 15:09:40
447,149,3,71,optimal,2025-09-08,2026-01-16 06:46:49
448,150,1,94,optimal,2026-03-01,2025-01-22 18:38:25
449,150,2,64,optimal,2024-02-26,2025-03-08 04:55:15
450,150,3,1,optimal,2024-03-20,2024-09-04 20:13:14
451,151,1,68,optimal,2025-07-02,2025-01-25 16:37:33
452,151,2,84,optimal,2025-12-17,2025-03-30 23:16:58
453,151,3,11,optimal,2024-08-06,2025-03-09 11:05:09
454,152,1,10,optimal,2024-06-13,2024-07-14 08:47:04
455,152,2,57,optimal,2025-12-17,2025-10-28 23:29:35
456,152,3,34,optimal,2026-04-26,2024-10-25 20:20:39
457,153,1,58,optimal,2024-01-15,2024-04-04 21:35:34
458,153,2,70,optimal,2025-09-24,2025-05-18 20:01:47
459,153,3,6,optimal,2024-11-21,2026-01-30 09:39:25
460,154,1,48,optimal,2024-04-15,2024-08-05 11:40:11
461,154,2,54,optimal,2025-07-03,2025-11-13 15:54:39
462,154,3,16,optimal,2025-06-15,2024-05-29 17:15:35
463,155,1,34,optimal,2026-01-08,2025-08-03 20:26:22
464,155,2,30,optimal,2025-08-31,2024-05-19 13:46:56
465,155,3,35,optimal,2024-09-14,2025-02-07 00:27:04
466,156,1,4,optimal,2024-11-18,2025-05-19 01:09:32
467,156,2,96,optimal,2024-12-25,2025-12-03 09:03:13
468,156,3,49,optimal,2025-09-03,2024-01-09 19:38:52
469,157,1,63,optimal,2024-09-12,2025-04-08 22:48:09
470,157,2,99,optimal,2025-05-07,2025-01-19 10:25:21
471,157,3,61,optimal,2025-02-05,2025-11-27 11:07:51
472,158,1,1,optimal,2025-12-21,2026-01-27 02:19:10
473,158,2,6,optimal,2025-02-02,2024-09-01 17:14:36
474,158,3,32,optimal,2024-04-21,2026-03-06 05:57:39
475,159,1,60,optimal,2025-03-26,2025-01-12 16:32:48
476,159,2,20,optimal,2024-06-17,2025-03-21 12:25:39
477,159,3,7,optimal,2026-01-22,2024-01-11 13:49:17
478,160,1,2,optimal,2026-03-05,2025-12-05 02:30:08
479,160,2,42,optimal,2025-05-04,2026-03-14 08:09:12
480,160,3,12,optimal,2024-01-11,2024-11-01 18:46:43
481,161,1,41,optimal,2026-05-02,2024-08-09 01:12:50
482,161,2,68,optimal,2025-01-12,2024-06-13 17:44:11
483,161,3,94,optimal,2024-07-26,2025-02-25 06:19:27
484,162,1,43,optimal,2025-06-13,2025-08-27 04:43:43
485,162,2,82,optimal,2024-07-25,2025-12-29 04:55:19
486,162,3,27,optimal,2024-02-10,2025-12-18 09:06:24
487,163,1,21,optimal,2024-04-15,2025-06-21 22:01:20
488,163,2,93,optimal,2024-06-05,2025-02-27 09:19:51
489,163,3,10,optimal,2025-01-01,2024-09-23 17:28:17
490,164,1,96,optimal,2025-12-20,2024-03-09 12:15:13
491,164,2,35,optimal,2025-05-27,2025-04-06 09:53:24
492,164,3,62,optimal,2026-03-03,2026-01-24 15:01:44
493,165,1,28,optimal,2026-01-04,2024-03-13 11:07:21
494,165,2,15,optimal,2025-07-16,2026-03-15 20:48:31
495,165,3,61,optimal,2024-12-31,2026-02-18 22:42:30
496,166,1,66,optimal,2025-06-12,2024-05-06 01:42:57
497,166,2,81,optimal,2024-01-25,2025-05-06 01:31:17
498,166,3,37,optimal,2025-03-28,2024-06-17 21:17:30
499,167,1,44,optimal,2025-07-12,2025-01-22 02:42:20
500,167,2,5,optimal,2025-05-04,2024-10-06 17:21:27
501,167,3,60,optimal,2024-10-24,2024-08-17 17:08:05
502,168,1,82,optimal,2024-09-15,2024-01-18 17:16:24
503,168,2,35,optimal,2025-07-23,2024-11-02 10:14:20
504,168,3,19,optimal,2024-06-18,2025-07-03 09:56:15
505,169,1,87,optimal,2026-03-29,2025-02-28 17:31:38
506,169,2,30,optimal,2024-12-13,2024-10-01 03:45:56
507,169,3,5,optimal,2024-03-05,2024-10-01 00:52:34
508,170,1,82,optimal,2025-07-28,2026-04-16 13:00:14
509,170,2,10,optimal,2025-11-15,2026-03-31 17:55:07
510,170,3,87,optimal,2026-04-25,2024-06-17 03:49:00
511,171,1,8,optimal,2026-03-06,2025-10-23 12:18:18
512,171,2,75,optimal,2025-11-20,2024-10-21 00:56:53
513,171,3,73,optimal,2025-02-28,2026-04-19 21:06:00
514,172,1,39,optimal,2026-03-01,2024-07-31 18:11:57
515,172,2,17,optimal,2025-11-27,2024-03-26 10:15:41
516,172,3,54,optimal,2024-02-16,2025-06-01 22:30:35
517,173,1,21,optimal,2026-05-05,2025-01-28 16:49:33
518,173,2,56,optimal,2025-04-12,2024-11-16 07:13:28
519,173,3,87,optimal,2025-09-17,2024-10-13 07:54:56
520,174,1,86,optimal,2024-02-22,2024-06-26 07:06:54
521,174,2,57,optimal,2025-06-07,2024-12-18 10:57:42
522,174,3,89,optimal,2024-10-27,2025-01-23 16:05:35
523,175,1,100,optimal,2024-09-05,2025-02-05 15:30:47
524,175,2,84,optimal,2025-12-01,2024-08-12 10:43:10
525,175,3,70,optimal,2025-08-24,2025-01-17 11:14:17
526,176,1,47,optimal,2025-10-30,2026-02-15 05:28:12
527,176,2,96,optimal,2026-04-15,2025-07-17 05:53:14
528,176,3,71,optimal,2025-04-05,2024-09-12 21:34:37
529,177,1,25,optimal,2024-11-26,2024-12-19 13:53:55
530,177,2,42,optimal,2026-04-16,2025-06-12 15:27:04
531,177,3,2,optimal,2025-03-28,2024-06-16 06:27:14
532,178,1,53,optimal,2024-01-07,2024-01-15 23:03:41
533,178,2,45,optimal,2025-01-20,2026-03-08 17:35:35
534,178,3,16,optimal,2024-11-12,2024-07-17 23:44:52
535,179,1,88,optimal,2026-04-25,2025-11-08 10:27:57
536,179,2,10,optimal,2024-09-06,2025-01-18 22:11:20
537,179,3,63,optimal,2025-06-18,2024-06-24 14:34:22
538,180,1,30,optimal,2024-03-18,2025-07-04 08:18:44
539,180,2,82,optimal,2025-07-26,2025-11-03 01:18:45
540,180,3,41,optimal,2025-05-17,2024-11-25 06:34:41
541,181,1,24,optimal,2025-05-16,2025-01-01 16:49:23
542,181,2,91,optimal,2026-03-11,2025-07-11 07:58:15
543,181,3,79,optimal,2025-10-13,2024-06-29 12:11:42
544,182,1,87,optimal,2024-05-26,2026-05-10 02:57:03
545,182,2,52,optimal,2025-07-19,2025-07-31 01:32:44
546,182,3,12,optimal,2025-09-25,2025-06-15 08:26:20
547,183,1,5,optimal,2024-03-30,2024-04-07 18:17:57
548,183,2,37,optimal,2025-06-14,2024-06-24 18:19:26
549,183,3,60,optimal,2025-10-08,2024-09-14 17:26:29
550,184,1,36,optimal,2024-04-25,2024-06-30 07:31:32
551,184,2,39,optimal,2025-06-07,2026-04-25 16:07:05
552,184,3,94,optimal,2024-02-07,2024-04-01 16:23:12
553,185,1,34,optimal,2026-03-28,2025-06-17 01:25:42
554,185,2,82,optimal,2025-04-14,2025-10-12 16:03:55
555,185,3,36,optimal,2024-05-29,2025-06-23 12:36:45
556,186,1,58,optimal,2026-04-23,2025-02-23 05:36:10
557,186,2,19,optimal,2024-07-16,2024-03-21 12:06:48
558,186,3,13,optimal,2025-06-10,2026-02-09 07:47:00
559,187,1,76,optimal,2024-02-18,2025-02-20 22:08:57
560,187,2,58,optimal,2024-05-31,2024-06-08 02:25:13
561,187,3,71,optimal,2024-05-05,2024-08-08 00:16:34
562,188,1,36,optimal,2024-01-09,2024-07-24 02:43:49
563,188,2,84,optimal,2024-08-25,2024-09-04 09:44:35
564,188,3,56,optimal,2024-02-07,2026-04-11 17:33:46
565,189,1,40,optimal,2024-02-24,2025-10-28 11:58:39
566,189,2,31,optimal,2024-11-03,2025-10-24 10:10:45
567,189,3,71,optimal,2024-12-30,2024-07-11 08:13:07
568,190,1,77,optimal,2024-09-22,2026-04-13 11:26:01
569,190,2,62,optimal,2024-01-14,2025-06-30 18:05:42
570,190,3,1,optimal,2024-01-14,2025-07-07 05:41:09
571,191,1,68,optimal,2024-09-16,2024-09-26 19:45:55
572,191,2,93,optimal,2025-02-08,2025-07-30 06:39:21
573,191,3,22,optimal,2026-02-05,2026-05-03 08:01:50
574,192,1,29,optimal,2025-04-11,2025-01-26 20:38:58
575,192,2,63,optimal,2024-07-27,2024-10-19 12:15:57
576,192,3,93,optimal,2025-02-11,2024-01-10 20:22:57
577,193,1,51,optimal,2026-04-17,2024-03-27 01:18:58
578,193,2,10,optimal,2024-02-05,2024-01-02 20:57:09
579,193,3,98,optimal,2025-06-01,2025-10-30 19:13:35
580,194,1,38,optimal,2024-12-28,2024-02-06 23:08:11
581,194,2,89,optimal,2025-09-22,2026-04-25 17:36:25
582,194,3,63,optimal,2025-08-06,2025-06-09 00:55:49
583,195,1,36,optimal,2025-07-17,2024-02-29 06:12:17
584,195,2,26,optimal,2025-12-05,2026-02-12 23:13:51
585,195,3,6,optimal,2025-01-30,2025-03-29 15:17:01
586,196,1,24,optimal,2024-11-04,2025-06-02 07:21:20
587,196,2,71,optimal,2026-04-11,2024-04-20 11:49:16
588,196,3,18,optimal,2026-03-25,2025-05-25 14:41:35
589,197,1,98,optimal,2024-02-11,2025-06-01 14:08:11
590,197,2,24,optimal,2025-03-09,2024-02-20 13:50:53
591,197,3,65,optimal,2024-07-10,2024-07-18 06:09:11
592,198,1,54,optimal,2024-09-30,2026-03-17 00:31:33
593,198,2,12,optimal,2025-12-01,2026-03-09 08:15:07
594,198,3,22,optimal,2025-10-31,2026-03-30 02:14:41
595,199,1,90,optimal,2024-11-03,2024-09-26 06:22:53
596,199,2,70,optimal,2026-03-16,2025-01-16 06:04:02
597,199,3,81,optimal,2024-03-05,2025-09-04 00:40:26
598,200,1,55,optimal,2025-10-14,2024-02-19 02:19:28
599,200,2,30,optimal,2026-04-30,2024-10-26 18:19:52
600,200,3,56,optimal,2026-02-22,2024-12-10 22:09:29
601,201,1,94,optimal,2025-05-06,2024-10-04 12:49:00
602,201,2,80,optimal,2025-01-31,2024-01-24 11:34:23
603,201,3,72,optimal,2024-09-21,2025-12-22 18:53:07
604,202,1,72,optimal,2024-11-13,2025-07-20 11:13:20
605,202,2,77,optimal,2025-10-26,2024-02-22 07:50:22
606,202,3,95,optimal,2026-03-12,2025-07-18 04:20:02
607,203,1,6,optimal,2024-08-22,2024-03-23 15:32:43
608,203,2,50,optimal,2024-12-06,2024-07-17 17:28:07
609,203,3,42,optimal,2025-12-20,2026-04-10 02:15:24
610,204,1,89,optimal,2024-07-19,2025-08-22 22:34:41
611,204,2,80,optimal,2024-02-23,2025-01-21 23:09:35
612,204,3,46,optimal,2025-11-29,2025-08-20 10:33:01
613,205,1,66,optimal,2025-02-13,2026-05-11 03:54:18
614,205,2,9,optimal,2024-10-31,2026-04-03 05:08:02
615,205,3,85,optimal,2024-12-09,2025-12-02 06:33:38
616,206,1,99,optimal,2025-03-16,2025-08-06 07:54:27
617,206,2,34,optimal,2025-08-31,2024-02-03 20:14:03
618,206,3,21,optimal,2024-05-21,2024-08-23 12:35:39
619,207,1,91,optimal,2024-12-06,2026-01-05 10:31:58
620,207,2,49,optimal,2026-01-11,2024-03-09 11:44:15
621,207,3,95,optimal,2024-11-26,2026-04-19 08:25:40
622,208,1,73,optimal,2024-10-15,2024-08-15 05:52:43
623,208,2,77,optimal,2025-11-01,2024-05-26 06:36:15
624,208,3,50,optimal,2025-04-17,2025-09-12 11:04:53
625,209,1,37,optimal,2024-01-25,2024-09-15 21:06:40
626,209,2,40,optimal,2025-07-13,2024-03-30 21:57:42
627,209,3,1,optimal,2024-03-10,2024-07-26 23:37:16
628,210,1,44,optimal,2025-11-08,2025-11-01 05:02:29
629,210,2,54,optimal,2025-11-06,2024-01-12 23:06:38
630,210,3,57,optimal,2026-02-23,2024-09-01 01:52:46
631,211,1,15,optimal,2026-03-24,2025-10-08 18:07:05
632,211,2,91,optimal,2026-05-09,2024-08-29 23:21:57
633,211,3,81,optimal,2026-02-03,2024-04-10 06:29:16
634,212,1,8,optimal,2025-01-28,2025-12-14 01:03:02
635,212,2,44,optimal,2025-06-22,2025-08-08 06:03:09
636,212,3,3,optimal,2024-11-11,2024-06-09 20:28:37
637,213,1,91,optimal,2024-12-23,2024-06-24 02:59:10
638,213,2,71,optimal,2024-05-29,2024-06-12 13:01:47
639,213,3,73,optimal,2024-03-27,2026-01-24 23:54:47
640,214,1,37,optimal,2026-01-12,2024-04-06 21:06:07
641,214,2,63,optimal,2025-02-14,2026-02-28 16:01:28
642,214,3,70,optimal,2024-07-20,2024-07-31 18:27:50
643,215,1,99,optimal,2024-07-02,2025-01-11 01:09:02
644,215,2,11,optimal,2025-05-17,2025-03-25 11:52:29
645,215,3,24,optimal,2024-12-14,2025-10-16 11:32:35
646,216,1,89,optimal,2025-07-21,2026-01-26 01:29:54
647,216,2,32,optimal,2025-11-27,2024-08-09 16:42:21
648,216,3,22,optimal,2025-01-08,2024-10-23 15:08:50
649,217,1,70,optimal,2025-06-15,2024-07-18 12:02:05
650,217,2,11,optimal,2025-05-17,2024-05-23 19:50:24
651,217,3,2,optimal,2026-03-06,2024-09-15 18:59:33
652,218,1,18,optimal,2025-08-30,2025-10-08 17:17:10
653,218,2,55,optimal,2025-06-08,2024-06-21 22:50:20
654,218,3,28,optimal,2025-01-15,2024-09-01 17:59:44
655,219,1,29,optimal,2025-10-11,2024-03-16 11:53:55
656,219,2,22,optimal,2025-10-19,2025-04-11 08:36:17
657,219,3,25,optimal,2024-07-31,2024-05-10 02:51:46
658,220,1,17,optimal,2025-10-03,2025-12-22 22:43:19
659,220,2,22,optimal,2026-01-07,2026-02-05 07:59:10
660,220,3,8,optimal,2024-10-29,2025-03-30 12:46:24
661,221,1,62,optimal,2024-04-22,2025-01-20 13:21:19
662,221,2,10,optimal,2025-03-24,2024-02-14 09:21:41
663,221,3,83,optimal,2025-11-20,2026-02-20 19:05:10
664,222,1,91,optimal,2025-10-25,2025-08-24 06:44:23
665,222,2,78,optimal,2024-08-23,2024-04-03 14:57:01
666,222,3,84,optimal,2026-03-22,2025-04-19 07:20:51
667,223,1,11,optimal,2024-09-01,2024-06-05 06:21:31
668,223,2,45,optimal,2024-05-06,2024-08-17 06:42:16
669,223,3,85,optimal,2024-09-30,2026-03-26 20:33:41
670,224,1,79,optimal,2024-11-09,2025-12-21 14:07:05
671,224,2,88,optimal,2024-04-12,2024-03-16 19:30:10
672,224,3,71,optimal,2026-01-04,2024-03-25 04:13:13
673,225,1,46,optimal,2026-05-04,2025-12-22 07:29:03
674,225,2,54,optimal,2024-09-15,2026-01-07 03:14:33
675,225,3,70,optimal,2025-08-21,2025-04-01 20:46:22
676,226,1,94,optimal,2026-02-18,2025-06-29 02:56:56
677,226,2,41,optimal,2025-08-17,2025-02-27 20:34:47
678,226,3,82,optimal,2026-01-24,2025-05-02 04:22:09
679,227,1,85,optimal,2024-04-06,2024-07-18 04:20:38
680,227,2,33,optimal,2026-02-26,2025-01-23 21:04:54
681,227,3,41,optimal,2025-03-08,2024-02-13 20:49:50
682,228,1,48,optimal,2024-08-25,2026-03-15 05:35:32
683,228,2,75,optimal,2025-03-16,2025-01-03 03:53:16
684,228,3,81,optimal,2024-03-01,2024-09-23 16:43:15
685,229,1,4,optimal,2024-06-10,2024-06-07 23:57:22
686,229,2,9,optimal,2024-02-05,2025-07-30 04:35:54
687,229,3,18,optimal,2025-02-14,2026-04-23 13:05:17
688,230,1,60,optimal,2025-03-09,2024-04-29 03:34:09
689,230,2,59,optimal,2024-08-25,2025-07-26 17:30:27
690,230,3,46,optimal,2025-10-07,2024-03-30 14:08:28
691,231,1,100,optimal,2024-05-09,2025-07-30 15:11:22
692,231,2,8,optimal,2024-12-11,2026-02-23 08:21:13
693,231,3,84,optimal,2024-04-17,2025-11-30 23:05:10
694,232,1,16,optimal,2024-04-03,2024-02-03 01:12:21
695,232,2,88,optimal,2025-11-30,2025-03-02 21:44:24
696,232,3,3,optimal,2025-11-25,2025-01-06 08:51:43
697,233,1,37,optimal,2025-06-13,2024-04-15 20:12:48
698,233,2,39,optimal,2024-10-14,2024-11-14 14:28:28
699,233,3,30,optimal,2024-05-01,2026-03-15 02:06:07
700,234,1,45,optimal,2025-10-20,2025-05-29 17:04:28
701,234,2,90,optimal,2025-04-01,2026-02-07 05:44:27
702,234,3,77,optimal,2025-12-06,2025-08-31 09:37:00
703,235,1,48,optimal,2025-01-08,2025-12-27 00:04:54
704,235,2,52,optimal,2024-03-25,2025-09-30 14:59:36
705,235,3,79,optimal,2026-02-17,2024-10-22 18:22:33
706,236,1,17,optimal,2025-03-18,2024-06-18 22:08:14
707,236,2,24,optimal,2025-03-26,2024-12-13 14:12:21
708,236,3,5,optimal,2024-11-28,2025-11-17 00:46:02
709,237,1,85,optimal,2026-05-09,2026-03-28 11:21:28
710,237,2,30,optimal,2026-03-18,2024-12-25 13:08:10
711,237,3,31,optimal,2025-09-14,2024-04-09 13:45:48
712,238,1,68,optimal,2026-03-26,2024-02-22 10:13:01
713,238,2,1,optimal,2024-01-14,2025-08-23 03:41:16
714,238,3,18,optimal,2025-11-30,2024-06-05 08:05:39
715,239,1,36,optimal,2024-01-04,2025-03-14 16:22:57
716,239,2,50,optimal,2024-09-29,2024-01-02 03:51:28
717,239,3,67,optimal,2024-05-04,2024-06-18 15:28:07
718,240,1,12,optimal,2025-10-04,2024-05-25 08:28:30
719,240,2,83,optimal,2025-02-01,2025-03-02 21:00:31
720,240,3,23,optimal,2025-05-29,2026-01-15 09:51:35
721,241,1,90,optimal,2026-05-09,2024-05-02 18:56:26
722,241,2,96,optimal,2024-10-03,2026-02-14 07:30:09
723,241,3,1,optimal,2025-06-08,2024-11-08 20:53:46
724,242,1,77,optimal,2024-09-19,2024-06-16 07:17:37
725,242,2,38,optimal,2024-09-26,2025-04-20 18:12:40
726,242,3,1,optimal,2024-04-25,2025-07-06 19:59:45
727,243,1,4,optimal,2024-06-01,2026-03-25 16:42:14
728,243,2,62,optimal,2025-01-19,2026-01-10 10:56:26
729,243,3,12,optimal,2024-02-09,2024-09-29 03:42:49
730,244,1,76,optimal,2024-11-06,2024-04-03 00:57:01
731,244,2,72,optimal,2025-08-08,2025-08-14 17:52:50
732,244,3,44,optimal,2025-04-10,2024-04-28 13:34:50
733,245,1,64,optimal,2024-10-01,2024-07-19 09:53:31
734,245,2,3,optimal,2024-06-08,2024-07-14 16:07:10
735,245,3,14,optimal,2024-11-05,2024-10-23 17:41:31
736,246,1,61,optimal,2024-07-13,2025-03-27 02:05:15
737,246,2,22,optimal,2024-02-20,2025-07-07 05:39:05
738,246,3,27,optimal,2025-08-16,2025-09-24 10:36:18
739,247,1,68,optimal,2026-03-07,2024-03-06 04:59:54
740,247,2,54,optimal,2025-02-25,2024-02-01 01:21:20
741,247,3,27,optimal,2024-06-11,2025-03-27 11:28:11
742,248,1,93,optimal,2024-03-03,2025-06-12 03:50:51
743,248,2,91,optimal,2025-03-27,2025-12-29 21:36:51
744,248,3,28,optimal,2026-02-24,2026-02-27 00:33:19
745,249,1,24,optimal,2025-05-06,2025-06-03 18:58:55
746,249,2,50,optimal,2024-01-19,2025-12-12 00:34:20
747,249,3,77,optimal,2024-04-11,2026-02-14 22:48:23
748,250,1,31,optimal,2024-03-19,2025-12-11 14:21:48
749,250,2,28,optimal,2024-01-22,2025-12-05 18:19:34
750,250,3,74,optimal,2025-04-02,2026-04-09 03:07:17
751,251,1,78,optimal,2026-04-01,2026-04-02 13:46:31
752,251,2,85,optimal,2024-10-25,2024-07-05 11:50:19
753,251,3,45,optimal,2024-07-25,2025-12-05 06:36:08
754,252,1,24,optimal,2025-02-21,2024-08-18 09:16:13
755,252,2,75,optimal,2025-02-02,2024-09-20 00:59:43
756,252,3,12,optimal,2024-09-27,2026-05-03 15:54:27
757,253,1,42,optimal,2024-12-02,2024-02-25 02:28:12
758,253,2,2,optimal,2024-11-17,2024-09-09 13:40:57
759,253,3,96,optimal,2025-08-20,2024-08-19 04:12:49
760,254,1,19,optimal,2026-05-02,2024-02-11 03:15:05
761,254,2,28,optimal,2025-08-03,2025-02-26 11:44:56
762,254,3,48,optimal,2024-12-08,2025-02-07 13:55:12
763,255,1,47,optimal,2024-06-27,2025-07-24 19:53:44
764,255,2,74,optimal,2025-08-29,2024-06-01 07:43:52
765,255,3,51,optimal,2026-03-17,2025-06-10 18:48:21
766,256,1,32,optimal,2024-12-23,2026-02-16 09:43:14
767,256,2,66,optimal,2024-04-10,2024-12-29 02:45:50
768,256,3,54,optimal,2025-04-09,2024-02-26 00:44:24
769,257,1,81,optimal,2024-07-08,2026-01-16 00:02:58
770,257,2,95,optimal,2024-05-09,2024-05-19 22:27:38
771,257,3,70,optimal,2025-11-24,2026-04-29 00:44:16
772,258,1,20,optimal,2024-01-09,2026-05-02 09:11:29
773,258,2,58,optimal,2024-09-15,2025-01-25 16:54:06
774,258,3,80,optimal,2025-07-02,2024-11-02 01:38:59
775,259,1,17,optimal,2026-01-22,2025-08-15 14:04:28
776,259,2,25,optimal,2024-07-28,2024-03-19 06:16:58
777,259,3,69,optimal,2025-09-30,2025-05-24 03:06:54
778,260,1,28,optimal,2025-06-24,2025-12-01 02:25:51
779,260,2,63,optimal,2026-04-23,2024-10-18 05:48:37
780,260,3,81,optimal,2024-06-28,2024-04-20 21:57:16
781,261,1,43,optimal,2025-02-19,2025-08-01 22:04:01
782,261,2,74,optimal,2025-07-12,2025-09-23 21:27:10
783,261,3,70,optimal,2025-06-10,2025-06-10 00:36:28
784,262,1,28,optimal,2025-02-02,2024-02-19 18:03:15
785,262,2,5,optimal,2024-02-27,2025-01-17 18:24:52
786,262,3,37,optimal,2024-01-03,2024-08-05 17:09:47
787,263,1,67,optimal,2025-02-05,2024-12-18 00:47:10
788,263,2,63,optimal,2025-05-09,2025-12-17 13:17:27
789,263,3,61,optimal,2025-06-17,2024-02-03 15:09:40
790,264,1,97,optimal,2024-11-02,2024-11-27 21:09:44
791,264,2,69,optimal,2026-02-08,2024-08-22 01:03:56
792,264,3,20,optimal,2025-02-03,2026-03-15 20:01:31
793,265,1,31,optimal,2026-03-31,2024-12-01 22:53:02
794,265,2,45,optimal,2024-08-30,2025-08-18 13:18:34
795,265,3,97,optimal,2024-07-30,2025-07-25 16:33:32
796,266,1,17,optimal,2024-08-14,2025-04-14 11:32:15
797,266,2,88,optimal,2026-04-03,2025-10-11 23:31:58
798,266,3,53,optimal,2024-08-15,2024-09-19 18:51:48
799,267,1,60,optimal,2024-04-07,2024-09-17 10:15:18
800,267,2,69,optimal,2026-03-18,2025-05-30 15:45:44
801,267,3,51,optimal,2024-04-11,2024-10-16 07:59:37
802,268,1,69,optimal,2026-04-17,2025-09-28 03:55:47
803,268,2,69,optimal,2024-09-01,2025-06-08 21:29:19
804,268,3,31,optimal,2024-08-12,2026-03-19 22:07:27
805,269,1,23,optimal,2025-12-18,2025-08-08 11:46:45
806,269,2,30,optimal,2025-06-12,2024-10-13 16:33:47
807,269,3,12,optimal,2025-03-15,2025-04-27 22:56:23
808,270,1,21,optimal,2024-02-13,2024-12-09 17:14:31
809,270,2,25,optimal,2025-12-19,2025-06-29 20:31:56
810,270,3,12,optimal,2024-01-06,2024-08-06 01:45:50
811,271,1,95,optimal,2025-10-14,2025-10-03 12:39:58
812,271,2,60,optimal,2026-03-20,2024-10-22 16:58:11
813,271,3,43,optimal,2025-10-09,2025-08-22 23:55:50
814,272,1,46,optimal,2026-04-09,2025-10-03 02:47:32
815,272,2,70,optimal,2026-01-07,2024-11-06 07:58:58
816,272,3,1,optimal,2024-05-15,2025-02-23 16:00:57
817,273,1,95,optimal,2024-08-09,2024-06-15 11:18:05
818,273,2,6,optimal,2025-08-07,2024-06-01 01:32:21
819,273,3,55,optimal,2024-03-28,2025-08-31 04:58:29
820,274,1,12,optimal,2025-06-06,2024-03-15 05:59:23
821,274,2,44,optimal,2024-06-12,2025-12-01 02:18:43
822,274,3,91,optimal,2025-05-16,2025-05-23 08:36:24
823,275,1,7,optimal,2024-12-02,2024-10-28 23:31:48
824,275,2,50,optimal,2025-04-13,2026-04-29 11:45:07
825,275,3,20,optimal,2024-10-12,2025-04-05 14:37:50
826,276,1,0,optimal,2024-11-20,2024-12-14 00:55:33
827,276,2,58,optimal,2024-02-12,2025-11-25 23:00:09
828,276,3,96,optimal,2025-05-04,2025-03-25 20:21:57
829,277,1,10,optimal,2024-12-06,2024-02-24 13:33:10
830,277,2,68,optimal,2025-05-16,2026-05-02 01:14:15
831,277,3,67,optimal,2024-09-17,2025-01-11 16:25:52
832,278,1,68,optimal,2025-06-10,2024-08-21 15:11:39
833,278,2,51,optimal,2025-01-20,2026-05-06 21:21:19
834,278,3,88,optimal,2025-11-24,2025-04-26 14:20:36
835,279,1,91,optimal,2024-10-02,2026-04-11 18:21:37
836,279,2,19,optimal,2025-11-24,2026-01-22 21:21:00
837,279,3,96,optimal,2025-11-30,2025-02-03 12:11:24
838,280,1,5,optimal,2024-02-21,2025-02-15 22:01:40
839,280,2,75,optimal,2025-09-07,2024-05-03 03:23:58
840,280,3,87,optimal,2024-05-15,2025-03-02 07:30:21
841,281,1,60,optimal,2024-08-09,2024-05-04 04:10:45
842,281,2,51,optimal,2025-08-12,2024-05-18 14:56:10
843,281,3,21,optimal,2025-06-06,2025-10-13 04:21:15
844,282,1,64,optimal,2026-03-07,2025-09-23 05:03:18
845,282,2,84,optimal,2026-04-15,2025-04-02 20:36:17
846,282,3,16,optimal,2025-01-27,2025-12-02 11:14:58
847,283,1,91,optimal,2024-02-18,2025-05-01 12:10:02
848,283,2,96,optimal,2024-07-22,2026-02-10 16:29:36
849,283,3,91,optimal,2025-10-18,2026-04-14 09:15:36
850,284,1,55,optimal,2024-09-01,2024-01-22 05:05:10
851,284,2,57,optimal,2025-02-06,2025-09-17 17:58:51
852,284,3,40,optimal,2025-04-27,2024-12-18 14:40:44
853,285,1,32,optimal,2026-02-14,2024-04-15 05:36:02
854,285,2,8,optimal,2024-07-30,2024-05-17 22:38:50
855,285,3,84,optimal,2026-01-19,2025-04-21 16:46:04
856,286,1,87,optimal,2025-09-14,2024-08-07 21:41:57
857,286,2,28,optimal,2024-12-09,2026-02-17 02:23:12
858,286,3,85,optimal,2024-01-12,2025-01-29 10:40:44
859,287,1,55,optimal,2025-09-02,2024-03-02 23:43:58
860,287,2,93,optimal,2024-11-16,2026-02-08 19:13:39
861,287,3,82,optimal,2026-04-27,2025-02-19 03:33:19
862,288,1,97,optimal,2024-09-28,2025-04-27 12:54:20
863,288,2,88,optimal,2024-02-27,2024-06-08 04:58:48
864,288,3,33,optimal,2025-06-22,2025-05-18 02:58:58
865,289,1,33,optimal,2024-03-14,2025-03-03 11:54:23
866,289,2,12,optimal,2026-03-29,2024-07-24 09:20:14
867,289,3,18,optimal,2025-12-01,2024-12-27 01:17:27
868,290,1,43,optimal,2025-05-11,2024-05-05 21:09:31
869,290,2,69,optimal,2025-12-13,2024-08-11 19:26:35
870,290,3,52,optimal,2026-05-10,2024-03-11 05:44:08
871,291,1,69,optimal,2025-06-28,2025-02-05 14:26:38
872,291,2,21,optimal,2024-10-30,2025-04-01 07:33:11
873,291,3,17,optimal,2024-11-13,2025-03-19 15:43:08
874,292,1,81,optimal,2024-02-23,2025-06-03 23:51:15
875,292,2,83,optimal,2025-09-08,2025-04-01 17:24:21
876,292,3,79,optimal,2024-05-13,2025-03-04 05:08:27
877,293,1,5,optimal,2024-02-22,2024-05-06 21:47:57
878,293,2,41,optimal,2025-01-30,2024-01-22 02:10:46
879,293,3,14,optimal,2025-12-30,2025-02-25 13:32:31
880,294,1,57,optimal,2026-01-28,2025-11-06 08:51:40
881,294,2,58,optimal,2025-11-09,2025-01-05 16:01:34
882,294,3,55,optimal,2025-11-13,2024-10-07 04:14:54
883,295,1,19,optimal,2024-05-03,2025-06-02 01:36:16
884,295,2,22,optimal,2025-12-10,2024-08-15 07:26:47
885,295,3,2,optimal,2024-05-19,2024-09-21 19:15:13
886,296,1,64,optimal,2025-03-26,2024-05-18 11:22:54
887,296,2,37,optimal,2024-12-21,2024-01-12 23:40:35
888,296,3,89,optimal,2024-01-07,2025-10-27 05:06:53
889,297,1,79,optimal,2025-01-16,2024-05-07 02:18:13
890,297,2,69,optimal,2025-03-29,2025-06-02 12:14:23
891,297,3,41,optimal,2025-10-08,2024-06-01 03:28:19
892,298,1,75,optimal,2025-02-11,2025-09-19 07:10:08
893,298,2,57,optimal,2026-01-28,2025-05-27 07:26:44
894,298,3,2,optimal,2024-07-20,2025-11-28 21:15:06
895,299,1,89,optimal,2025-04-28,2025-11-25 12:28:01
896,299,2,53,optimal,2025-04-18,2024-10-10 08:37:42
897,299,3,28,optimal,2024-12-18,2024-12-14 00:26:28
898,300,1,38,optimal,2024-03-06,2024-03-01 16:49:39
899,300,2,63,optimal,2026-02-09,2025-06-09 11:43:31
900,300,3,57,optimal,2026-02-11,2025-11-23 06:32:21
901,301,1,76,optimal,2025-06-16,2026-04-04 18:22:42
902,301,2,88,optimal,2025-02-04,2024-08-26 14:49:35
903,301,3,66,optimal,2024-01-21,2024-06-13 03:53:30
904,302,1,18,optimal,2025-07-26,2024-11-30 03:01:02
905,302,2,63,optimal,2024-09-19,2024-05-17 04:06:33
906,302,3,7,optimal,2024-01-12,2025-04-22 17:04:21
907,303,1,85,optimal,2024-08-27,2025-07-31 15:08:18
908,303,2,15,optimal,2026-04-07,2026-05-08 17:07:41
909,303,3,78,optimal,2024-11-20,2024-06-23 11:46:20
910,304,1,27,optimal,2024-08-31,2025-04-10 20:01:14
911,304,2,71,optimal,2025-01-14,2024-09-28 02:31:27
912,304,3,76,optimal,2025-04-24,2025-09-17 12:19:12
913,305,1,36,optimal,2024-10-27,2025-12-22 02:20:52
914,305,2,77,optimal,2025-09-07,2024-09-02 13:22:34
915,305,3,59,optimal,2025-06-12,2025-08-29 12:08:34
916,306,1,75,optimal,2024-10-24,2025-08-25 02:10:03
917,306,2,51,optimal,2025-10-17,2025-01-01 17:55:03
918,306,3,36,optimal,2026-02-05,2026-03-22 21:56:48
919,307,1,10,optimal,2025-02-04,2026-04-25 15:51:08
920,307,2,97,optimal,2025-08-30,2026-04-30 17:15:33
921,307,3,18,optimal,2024-11-21,2024-08-14 22:46:40
922,308,1,87,optimal,2024-02-29,2024-04-05 12:24:31
923,308,2,9,optimal,2025-10-29,2024-12-14 12:21:50
924,308,3,55,optimal,2025-06-26,2025-05-27 06:47:59
925,309,1,89,optimal,2024-05-20,2025-05-08 04:58:40
926,309,2,40,optimal,2026-01-27,2025-05-25 11:53:24
927,309,3,70,optimal,2026-05-04,2025-02-02 00:21:20
928,310,1,90,optimal,2025-05-28,2025-10-18 04:56:01
929,310,2,58,optimal,2026-04-10,2025-08-04 14:31:38
930,310,3,86,optimal,2026-05-06,2025-02-24 10:07:02
931,311,1,94,optimal,2025-02-16,2025-01-12 21:06:09
932,311,2,95,optimal,2025-08-08,2024-09-21 03:30:10
933,311,3,37,optimal,2024-05-05,2025-03-21 05:17:22
934,312,1,44,optimal,2026-02-18,2024-05-31 10:07:25
935,312,2,31,optimal,2024-01-17,2026-05-09 17:46:00
936,312,3,89,optimal,2025-06-14,2024-08-27 22:18:07
937,313,1,93,optimal,2024-03-14,2026-01-23 04:13:26
938,313,2,22,optimal,2026-03-21,2024-11-05 13:22:19
939,313,3,13,optimal,2025-11-18,2025-09-23 07:11:45
940,314,1,86,optimal,2025-04-28,2024-08-14 22:56:19
941,314,2,0,optimal,2026-03-18,2025-04-23 03:36:15
942,314,3,46,optimal,2026-03-05,2024-08-11 17:01:56
943,315,1,1,optimal,2025-09-16,2025-07-05 08:26:38
944,315,2,34,optimal,2025-06-28,2025-05-26 12:17:44
945,315,3,64,optimal,2024-11-02,2025-01-29 13:44:58
946,316,1,92,optimal,2025-04-07,2025-10-11 01:52:45
947,316,2,63,optimal,2024-09-29,2025-11-27 19:35:32
948,316,3,31,optimal,2025-10-23,2025-03-28 23:34:46
949,317,1,33,optimal,2024-03-04,2024-05-09 07:43:49
950,317,2,74,optimal,2025-06-01,2025-04-19 02:20:07
951,317,3,85,optimal,2024-07-22,2025-10-06 19:23:10
952,318,1,82,optimal,2024-09-29,2024-08-23 19:11:23
953,318,2,57,optimal,2026-04-05,2025-01-30 11:36:12
954,318,3,74,optimal,2025-03-02,2024-01-31 17:37:43
955,319,1,50,optimal,2024-10-26,2025-01-24 19:11:47
956,319,2,36,optimal,2025-05-06,2024-05-03 03:42:15
957,319,3,40,optimal,2026-01-24,2024-10-18 08:04:54
958,320,1,69,optimal,2026-02-18,2025-11-14 04:52:10
959,320,2,6,optimal,2026-01-01,2025-07-22 03:52:25
960,320,3,52,optimal,2024-09-12,2024-06-07 15:24:28
961,321,1,54,optimal,2025-12-13,2024-03-28 11:20:20
962,321,2,24,optimal,2025-06-28,2024-06-23 04:38:17
963,321,3,52,optimal,2024-09-01,2025-09-23 21:02:25
964,322,1,93,optimal,2024-02-13,2024-08-21 04:30:41
965,322,2,60,optimal,2024-10-17,2024-09-02 06:01:52
966,322,3,56,optimal,2024-04-11,2024-06-12 01:17:04
967,323,1,91,optimal,2024-08-30,2024-12-28 16:50:48
968,323,2,57,optimal,2026-01-02,2024-10-18 04:19:57
969,323,3,4,optimal,2025-10-25,2025-07-06 03:07:00
970,324,1,59,optimal,2024-07-16,2024-05-27 16:34:17
971,324,2,78,optimal,2025-08-18,2026-02-18 18:05:34
972,324,3,6,optimal,2026-03-12,2025-08-14 23:04:54
973,325,1,59,optimal,2025-11-09,2024-09-21 10:36:14
974,325,2,84,optimal,2025-06-22,2026-05-03 00:48:20
975,325,3,84,optimal,2024-02-16,2024-08-29 05:19:37
976,326,1,20,optimal,2026-03-18,2026-01-23 02:06:11
977,326,2,60,optimal,2026-03-28,2025-06-30 10:12:44
978,326,3,90,optimal,2024-07-20,2024-09-13 17:02:59
979,327,1,96,optimal,2025-02-10,2026-01-22 11:11:49
980,327,2,82,optimal,2025-05-09,2025-09-03 04:42:17
981,327,3,36,optimal,2024-03-26,2025-11-01 01:38:28
982,328,1,89,optimal,2026-03-02,2025-09-01 18:58:55
983,328,2,83,optimal,2024-12-08,2026-05-09 18:51:31
984,328,3,36,optimal,2025-01-06,2025-01-26 19:34:21
985,329,1,71,optimal,2025-09-30,2025-05-18 19:05:54
986,329,2,12,optimal,2025-03-16,2024-03-25 06:01:41
987,329,3,64,optimal,2024-09-27,2026-04-28 15:56:00
988,330,1,29,optimal,2025-02-17,2024-12-21 18:33:20
989,330,2,50,optimal,2024-03-16,2025-10-29 17:25:10
990,330,3,39,optimal,2025-02-28,2024-11-25 19:29:14
991,331,1,34,optimal,2024-04-22,2026-01-23 00:34:56
992,331,2,35,optimal,2026-01-28,2026-05-06 09:38:30
993,331,3,19,optimal,2026-03-31,2024-02-09 13:29:25
994,332,1,52,optimal,2024-11-23,2025-12-07 22:02:56
995,332,2,75,optimal,2025-09-22,2025-02-21 03:30:06
996,332,3,56,optimal,2024-01-22,2024-08-27 00:15:54
997,333,1,58,optimal,2025-04-28,2024-08-03 09:56:15
998,333,2,79,optimal,2025-11-16,2025-07-23 07:53:40
999,333,3,45,optimal,2024-04-01,2024-01-23 15:34:09
1000,334,1,4,optimal,2026-02-16,2024-01-20 11:27:56
1001,334,2,73,optimal,2025-05-10,2026-04-05 15:53:08
1002,334,3,4,optimal,2024-09-20,2025-11-14 18:22:51
1003,335,1,3,optimal,2025-09-24,2025-05-20 22:43:27
1004,335,2,46,optimal,2024-06-14,2026-04-15 15:17:20
1005,335,3,17,optimal,2024-06-22,2025-04-04 15:48:00
1006,336,1,94,optimal,2026-04-10,2025-06-29 11:12:14
1007,336,2,8,optimal,2024-09-22,2024-02-16 00:12:34
1008,336,3,62,optimal,2024-12-10,2024-08-30 12:28:58
1009,337,1,96,optimal,2024-01-11,2024-08-30 20:42:50
1010,337,2,3,optimal,2025-01-01,2024-01-10 05:09:28
1011,337,3,12,optimal,2025-06-27,2025-07-27 14:13:58
1012,338,1,66,optimal,2024-02-12,2026-02-03 06:00:11
1013,338,2,92,optimal,2026-01-23,2025-11-08 22:56:32
1014,338,3,50,optimal,2024-12-15,2025-01-30 21:11:30
1015,339,1,77,optimal,2024-12-11,2025-03-24 22:35:35
1016,339,2,78,optimal,2026-03-02,2025-09-19 21:32:13
1017,339,3,4,optimal,2026-01-03,2024-01-04 20:55:54
1018,340,1,32,optimal,2025-09-20,2025-03-27 10:21:29
1019,340,2,56,optimal,2026-05-09,2026-01-20 19:43:36
1020,340,3,10,optimal,2025-05-04,2025-01-25 23:11:34
1021,341,1,95,optimal,2026-04-27,2025-12-08 03:47:12
1022,341,2,33,optimal,2024-03-19,2024-07-14 14:58:52
1023,341,3,89,optimal,2026-04-26,2025-04-20 17:16:30
1024,342,1,95,optimal,2025-12-07,2026-04-22 18:36:17
1025,342,2,100,optimal,2025-09-17,2025-03-08 00:29:50
1026,342,3,80,optimal,2026-05-01,2024-04-03 23:24:10
1027,343,1,43,optimal,2024-07-03,2025-03-15 11:36:55
1028,343,2,43,optimal,2025-08-19,2025-10-06 01:12:02
1029,343,3,31,optimal,2025-04-26,2024-12-14 17:46:54
1030,344,1,41,optimal,2024-04-02,2024-07-03 14:21:12
1031,344,2,3,optimal,2024-11-25,2024-09-26 10:14:56
1032,344,3,95,optimal,2024-02-12,2024-07-04 15:04:54
1033,345,1,78,optimal,2024-06-05,2025-01-29 16:29:09
1034,345,2,20,optimal,2025-06-12,2026-04-11 22:29:57
1035,345,3,15,optimal,2024-11-27,2026-02-25 06:25:53
1036,346,1,92,optimal,2024-02-11,2024-09-25 03:18:32
1037,346,2,94,optimal,2025-01-24,2024-01-17 00:11:41
1038,346,3,20,optimal,2025-06-27,2024-09-29 02:53:43
1039,347,1,94,optimal,2025-02-11,2024-02-24 16:37:49
1040,347,2,57,optimal,2025-11-02,2024-05-06 05:54:30
1041,347,3,46,optimal,2025-10-01,2026-03-19 23:31:18
1042,348,1,18,optimal,2024-09-06,2026-01-13 04:55:11
1043,348,2,73,optimal,2024-10-29,2024-06-20 10:15:56
1044,348,3,63,optimal,2025-08-12,2024-02-20 04:49:41
1045,349,1,32,optimal,2025-07-08,2024-05-09 14:41:35
1046,349,2,31,optimal,2024-01-25,2025-11-01 03:46:13
1047,349,3,98,optimal,2024-10-10,2025-01-03 09:43:03
1048,350,1,0,optimal,2025-10-20,2025-07-08 09:46:38
1049,350,2,63,optimal,2026-04-18,2025-08-24 02:49:34
1050,350,3,38,optimal,2024-07-17,2025-02-02 15:37:01
1051,351,1,98,optimal,2026-04-15,2025-08-24 02:12:38
1052,351,2,2,optimal,2024-08-17,2024-07-27 03:19:48
1053,351,3,55,optimal,2025-05-11,2025-08-30 20:39:56
1054,352,1,78,optimal,2025-03-07,2025-03-26 17:59:06
1055,352,2,33,optimal,2026-01-08,2026-04-04 22:20:58
1056,352,3,38,optimal,2024-06-19,2024-07-26 19:39:13
1057,353,1,39,optimal,2024-02-11,2024-10-30 02:45:19
1058,353,2,62,optimal,2025-07-12,2025-02-21 07:29:55
1059,353,3,59,optimal,2024-07-21,2024-07-04 19:08:25
1060,354,1,30,optimal,2024-06-28,2025-02-25 12:26:01
1061,354,2,25,optimal,2024-06-21,2025-10-13 23:44:51
1062,354,3,52,optimal,2026-03-08,2024-07-06 16:15:44
1063,355,1,83,optimal,2024-01-06,2024-07-18 04:02:20
1064,355,2,46,optimal,2026-03-25,2024-09-24 21:53:48
1065,355,3,99,optimal,2024-06-26,2024-04-26 19:24:57
1066,356,1,92,optimal,2024-06-07,2025-08-24 15:45:15
1067,356,2,55,optimal,2025-01-17,2024-10-07 08:13:31
1068,356,3,61,optimal,2025-03-07,2024-05-10 17:03:36
1069,357,1,82,optimal,2024-08-11,2024-05-08 15:19:09
1070,357,2,14,optimal,2025-08-21,2024-04-08 19:16:13
1071,357,3,22,optimal,2025-02-26,2024-10-19 03:59:34
1072,358,1,0,optimal,2024-06-08,2024-02-19 16:10:55
1073,358,2,0,optimal,2026-03-12,2024-08-07 06:28:01
1074,358,3,46,optimal,2026-04-17,2024-05-05 01:05:46
1075,359,1,34,optimal,2025-07-30,2026-03-06 19:00:37
1076,359,2,2,optimal,2025-09-23,2026-05-04 18:08:29
1077,359,3,24,optimal,2025-07-09,2024-07-27 07:30:09
1078,360,1,57,optimal,2025-10-19,2024-05-14 00:09:12
1079,360,2,76,optimal,2025-03-20,2024-11-07 03:59:00
1080,360,3,98,optimal,2024-10-21,2024-12-27 21:26:12
1081,361,1,64,optimal,2025-02-11,2025-12-30 18:20:32
1082,361,2,51,optimal,2024-10-18,2024-06-16 09:36:37
1083,361,3,72,optimal,2025-08-01,2024-09-22 08:24:50
1084,362,1,24,optimal,2025-10-10,2025-07-31 03:52:30
1085,362,2,45,optimal,2024-02-28,2024-03-06 16:20:07
1086,362,3,40,optimal,2024-08-13,2025-04-20 12:56:02
1087,363,1,57,optimal,2024-11-07,2024-07-07 18:57:42
1088,363,2,83,optimal,2024-03-21,2026-01-05 15:37:01
1089,363,3,67,optimal,2024-11-03,2025-03-31 07:02:41
1090,364,1,2,optimal,2025-08-07,2026-04-16 21:52:46
1091,364,2,65,optimal,2026-03-13,2025-07-19 13:51:24
1092,364,3,55,optimal,2025-03-08,2025-08-03 05:16:46
1093,365,1,31,optimal,2025-06-24,2026-03-23 06:14:18
1094,365,2,41,optimal,2024-05-04,2024-04-23 11:54:27
1095,365,3,17,optimal,2024-09-26,2025-03-11 03:31:37
1096,366,1,21,optimal,2025-05-28,2024-01-05 20:23:23
1097,366,2,89,optimal,2026-02-24,2025-09-01 12:57:24
1098,366,3,65,optimal,2026-01-11,2024-03-31 05:32:52
1099,367,1,95,optimal,2025-06-21,2024-04-05 15:57:12
1100,367,2,34,optimal,2025-09-27,2026-04-05 03:02:40
1101,367,3,34,optimal,2025-05-15,2024-03-17 16:22:15
1102,368,1,36,optimal,2025-11-18,2024-04-20 19:45:10
1103,368,2,30,optimal,2025-12-05,2024-04-19 08:27:46
1104,368,3,39,optimal,2024-11-02,2025-10-05 10:21:55
1105,369,1,1,optimal,2024-04-27,2025-09-18 10:01:19
1106,369,2,67,optimal,2026-01-31,2026-03-09 14:56:41
1107,369,3,83,optimal,2025-08-19,2025-10-08 03:00:07
1108,370,1,99,optimal,2024-03-06,2025-02-10 04:14:00
1109,370,2,42,optimal,2025-04-15,2024-02-16 07:40:42
1110,370,3,60,optimal,2025-12-23,2025-06-28 20:24:31
1111,371,1,60,optimal,2026-04-21,2024-12-20 10:56:33
1112,371,2,89,optimal,2024-10-29,2025-07-06 09:49:32
1113,371,3,89,optimal,2025-01-07,2024-04-28 06:00:26
1114,372,1,64,optimal,2025-11-22,2025-10-27 09:36:35
1115,372,2,68,optimal,2024-06-10,2026-05-06 05:52:03
1116,372,3,89,optimal,2024-02-15,2025-05-02 19:11:05
1117,373,1,20,optimal,2024-04-20,2025-04-18 09:04:57
1118,373,2,23,optimal,2026-03-17,2024-06-13 04:42:16
1119,373,3,78,optimal,2024-01-29,2024-07-31 15:18:22
1120,374,1,93,optimal,2025-11-20,2024-07-17 18:27:51
1121,374,2,49,optimal,2025-01-21,2024-06-25 23:52:11
1122,374,3,81,optimal,2026-02-09,2025-12-31 10:35:06
1123,375,1,44,optimal,2025-06-29,2025-12-31 04:46:09
1124,375,2,67,optimal,2024-06-01,2024-04-23 15:00:40
1125,375,3,79,optimal,2024-02-11,2024-07-11 21:12:02
1126,376,1,9,optimal,2024-08-29,2025-01-29 17:47:43
1127,376,2,30,optimal,2024-11-25,2024-04-17 07:40:04
1128,376,3,70,optimal,2025-08-27,2024-07-12 23:40:32
1129,377,1,46,optimal,2026-03-29,2025-08-20 03:46:44
1130,377,2,43,optimal,2024-05-26,2025-12-26 11:31:06
1131,377,3,92,optimal,2024-12-27,2024-02-21 08:46:19
1132,378,1,99,optimal,2025-01-19,2025-05-16 03:18:58
1133,378,2,99,optimal,2025-08-28,2024-06-08 23:40:44
1134,378,3,35,optimal,2024-06-30,2025-09-22 09:23:38
1135,379,1,30,optimal,2024-04-28,2024-06-29 07:11:41
1136,379,2,8,optimal,2026-05-10,2024-04-19 23:24:41
1137,379,3,56,optimal,2025-04-30,2025-01-20 05:27:03
1138,380,1,53,optimal,2024-05-02,2024-12-20 04:06:02
1139,380,2,67,optimal,2025-09-10,2024-08-21 12:41:59
1140,380,3,60,optimal,2024-08-04,2026-03-18 20:03:12
1141,381,1,3,optimal,2024-12-29,2025-01-12 01:36:23
1142,381,2,49,optimal,2025-01-25,2025-08-01 14:38:35
1143,381,3,51,optimal,2025-10-26,2024-12-12 11:35:57
1144,382,1,68,optimal,2024-08-08,2024-12-26 00:42:27
1145,382,2,30,optimal,2025-11-01,2025-06-16 09:28:08
1146,382,3,74,optimal,2025-02-10,2025-04-08 02:35:13
1147,383,1,27,optimal,2025-03-20,2025-05-15 16:46:09
1148,383,2,43,optimal,2025-10-07,2024-06-17 15:44:04
1149,383,3,53,optimal,2024-02-23,2024-05-10 12:19:18
1150,384,1,53,optimal,2024-01-01,2024-02-01 08:03:43
1151,384,2,10,optimal,2025-06-18,2024-04-04 08:04:35
1152,384,3,82,optimal,2024-01-02,2024-01-19 03:43:48
1153,385,1,25,optimal,2025-12-31,2025-10-06 12:17:43
1154,385,2,94,optimal,2025-06-07,2024-11-20 10:15:34
1155,385,3,70,optimal,2024-01-29,2025-02-28 12:51:25
1156,386,1,62,optimal,2026-01-28,2024-12-14 09:15:11
1157,386,2,91,optimal,2026-02-18,2026-02-08 16:44:17
1158,386,3,4,optimal,2025-03-04,2025-10-11 08:50:34
1159,387,1,73,optimal,2025-05-14,2024-01-05 03:06:08
1160,387,2,2,optimal,2026-02-09,2025-12-11 04:54:37
1161,387,3,14,optimal,2024-11-18,2024-01-15 15:20:53
1162,388,1,25,optimal,2024-01-21,2025-01-17 17:36:08
1163,388,2,39,optimal,2025-09-12,2024-04-19 09:20:21
1164,388,3,99,optimal,2026-01-17,2024-04-25 18:09:38
1165,389,1,12,optimal,2025-03-27,2026-03-06 10:13:33
1166,389,2,34,optimal,2025-01-27,2024-10-18 14:51:17
1167,389,3,43,optimal,2026-02-14,2026-01-10 04:13:02
1168,390,1,23,optimal,2025-07-06,2026-02-28 17:33:11
1169,390,2,49,optimal,2024-01-28,2024-08-21 14:16:03
1170,390,3,58,optimal,2024-02-20,2024-12-06 10:56:50
1171,391,1,23,optimal,2024-07-21,2026-01-11 04:49:51
1172,391,2,51,optimal,2024-12-12,2025-08-06 17:24:09
1173,391,3,75,optimal,2025-01-15,2024-04-07 18:34:26
1174,392,1,25,optimal,2024-03-15,2025-12-01 08:08:09
1175,392,2,15,optimal,2024-09-16,2025-10-19 18:19:12
1176,392,3,26,optimal,2024-06-19,2024-07-25 11:46:42
1177,393,1,78,optimal,2024-03-18,2025-12-30 04:42:54
1178,393,2,56,optimal,2025-01-02,2025-12-31 10:36:07
1179,393,3,11,optimal,2024-11-12,2025-09-12 07:30:09
1180,394,1,31,optimal,2024-07-11,2025-12-29 01:36:48
1181,394,2,70,optimal,2024-11-23,2026-04-18 12:03:41
1182,394,3,7,optimal,2024-04-17,2025-05-30 09:46:13
1183,395,1,78,optimal,2025-09-18,2025-12-05 00:10:13
1184,395,2,78,optimal,2025-05-01,2025-04-30 06:25:01
1185,395,3,2,optimal,2025-04-03,2024-02-29 05:12:20
1186,396,1,45,optimal,2024-10-24,2026-03-02 09:17:16
1187,396,2,63,optimal,2024-02-07,2025-07-02 23:53:12
1188,396,3,54,optimal,2025-02-13,2024-09-26 23:42:04
1189,397,1,27,optimal,2024-08-07,2026-02-14 06:37:53
1190,397,2,63,optimal,2025-11-22,2025-09-18 06:02:37
1191,397,3,67,optimal,2025-10-18,2025-06-09 18:40:53
1192,398,1,98,optimal,2024-03-19,2024-08-17 18:32:12
1193,398,2,36,optimal,2024-10-17,2025-04-20 06:18:25
1194,398,3,58,optimal,2025-04-09,2025-02-02 10:36:25
1195,399,1,45,optimal,2024-02-03,2025-08-24 05:35:50
1196,399,2,7,optimal,2024-03-28,2025-09-01 18:53:24
1197,399,3,96,optimal,2024-03-24,2025-10-01 16:53:24
1198,400,1,94,optimal,2026-03-03,2025-11-10 20:52:41
1199,400,2,39,optimal,2024-04-10,2024-10-20 07:42:59
1200,400,3,47,optimal,2024-02-11,2025-12-02 01:26:17
1201,401,1,91,optimal,2024-12-05,2025-10-29 18:52:20
1202,401,2,15,optimal,2025-05-21,2025-03-21 18:56:22
1203,401,3,18,optimal,2025-04-18,2026-04-28 00:34:25
1204,402,1,54,optimal,2025-05-14,2024-06-21 18:21:45
1205,402,2,51,optimal,2024-04-30,2026-05-01 03:06:04
1206,402,3,80,optimal,2025-03-18,2025-01-15 20:18:21
1207,403,1,24,optimal,2025-06-11,2025-01-17 13:59:49
1208,403,2,91,optimal,2024-11-01,2025-04-30 09:33:59
1209,403,3,78,optimal,2024-10-21,2024-07-28 17:32:58
1210,404,1,75,optimal,2024-04-30,2024-11-30 09:44:40
1211,404,2,60,optimal,2026-01-11,2024-05-25 15:55:37
1212,404,3,17,optimal,2024-08-22,2026-03-28 02:47:05
1213,405,1,90,optimal,2024-09-13,2025-03-23 06:47:13
1214,405,2,5,optimal,2024-08-04,2024-07-22 07:15:52
1215,405,3,3,optimal,2025-09-24,2024-01-20 18:01:48
1216,406,1,84,optimal,2026-01-29,2024-12-31 16:46:05
1217,406,2,24,optimal,2025-07-22,2026-03-16 04:52:42
1218,406,3,92,optimal,2024-07-16,2024-05-03 05:41:51
1219,407,1,12,optimal,2025-01-15,2025-02-28 20:34:31
1220,407,2,38,optimal,2024-08-12,2025-01-16 23:57:43
1221,407,3,75,optimal,2025-02-09,2025-01-30 01:33:27
1222,408,1,1,optimal,2026-02-25,2024-08-22 13:13:03
1223,408,2,57,optimal,2025-03-12,2024-12-05 21:06:49
1224,408,3,72,optimal,2025-02-28,2024-08-13 09:03:54
1225,409,1,63,optimal,2025-07-25,2025-08-20 23:40:02
1226,409,2,44,optimal,2025-01-23,2024-07-03 13:44:19
1227,409,3,85,optimal,2024-08-06,2025-10-10 12:44:15
1228,410,1,4,optimal,2025-08-29,2025-07-02 14:47:51
1229,410,2,17,optimal,2024-12-07,2025-08-14 18:35:45
1230,410,3,70,optimal,2025-04-17,2025-03-29 06:58:51
1231,411,1,54,optimal,2025-11-20,2024-02-27 04:12:41
1232,411,2,89,optimal,2024-01-19,2025-03-09 21:51:08
1233,411,3,85,optimal,2025-06-26,2026-02-12 23:36:23
1234,412,1,10,optimal,2024-04-09,2025-10-12 13:30:22
1235,412,2,27,optimal,2025-03-20,2025-08-08 22:11:19
1236,412,3,63,optimal,2026-01-09,2024-11-15 09:03:27
1237,413,1,23,optimal,2025-08-03,2025-08-09 16:32:50
1238,413,2,24,optimal,2024-06-03,2024-09-25 10:07:46
1239,413,3,79,optimal,2025-10-15,2025-10-18 09:05:38
1240,414,1,57,optimal,2025-02-07,2025-03-07 07:43:35
1241,414,2,57,optimal,2024-11-02,2024-08-23 07:09:49
1242,414,3,13,optimal,2024-10-08,2026-04-06 01:04:15
1243,415,1,0,optimal,2024-09-11,2025-03-31 21:09:25
1244,415,2,49,optimal,2025-07-06,2024-04-02 06:30:14
1245,415,3,20,optimal,2024-10-20,2025-08-25 21:43:07
1246,416,1,48,optimal,2026-01-03,2024-02-28 18:56:55
1247,416,2,39,optimal,2025-03-02,2024-09-22 10:39:58
1248,416,3,72,optimal,2025-07-02,2025-10-15 17:23:27
1249,417,1,28,optimal,2024-03-30,2024-08-16 02:43:00
1250,417,2,88,optimal,2024-12-16,2026-01-30 10:36:48
1251,417,3,9,optimal,2026-04-15,2025-08-30 15:48:04
1252,418,1,8,optimal,2024-09-12,2025-10-10 18:31:32
1253,418,2,63,optimal,2024-04-15,2025-05-09 04:43:26
1254,418,3,40,optimal,2025-01-12,2026-04-08 19:41:55
1255,419,1,63,optimal,2026-04-08,2024-12-31 09:46:12
1256,419,2,93,optimal,2024-07-24,2024-02-03 04:26:49
1257,419,3,22,optimal,2024-04-12,2024-05-15 02:18:00
1258,420,1,98,optimal,2024-11-23,2024-03-25 13:13:38
1259,420,2,20,optimal,2025-01-15,2025-12-27 02:29:58
1260,420,3,91,optimal,2024-09-15,2024-12-28 08:14:40
1261,421,1,57,optimal,2024-02-26,2024-11-14 13:19:57
1262,421,2,5,optimal,2025-12-04,2025-10-10 09:52:14
1263,421,3,52,optimal,2024-04-01,2025-11-21 06:23:26
1264,422,1,36,optimal,2025-04-15,2025-04-02 17:43:47
1265,422,2,47,optimal,2024-03-27,2025-04-25 02:12:41
1266,422,3,43,optimal,2024-03-01,2024-10-19 19:24:51
1267,423,1,17,optimal,2025-01-21,2026-04-12 09:53:28
1268,423,2,0,optimal,2025-12-16,2024-03-15 22:14:27
1269,423,3,21,optimal,2025-12-27,2025-12-15 10:02:23
1270,424,1,66,optimal,2025-11-23,2025-02-24 11:41:42
1271,424,2,85,optimal,2026-04-02,2025-10-30 07:39:04
1272,424,3,19,optimal,2024-02-04,2024-03-29 22:26:15
1273,425,1,82,optimal,2026-05-10,2025-06-26 15:26:05
1274,425,2,11,optimal,2024-05-03,2024-06-13 15:30:01
1275,425,3,82,optimal,2024-06-23,2025-08-07 11:37:33
1276,426,1,94,optimal,2024-11-12,2024-04-26 09:54:27
1277,426,2,50,optimal,2026-04-25,2026-05-02 15:22:20
1278,426,3,64,optimal,2024-03-13,2024-12-22 17:47:52
1279,427,1,78,optimal,2024-12-18,2026-01-07 05:25:17
1280,427,2,11,optimal,2026-01-19,2026-03-06 16:22:59
1281,427,3,68,optimal,2024-07-02,2024-11-13 19:26:16
1282,428,1,90,optimal,2026-04-28,2025-05-17 06:12:54
1283,428,2,44,optimal,2024-03-07,2025-09-10 02:36:04
1284,428,3,86,optimal,2024-01-13,2024-03-05 16:50:38
1285,429,1,85,optimal,2024-07-30,2024-01-24 13:17:01
1286,429,2,15,optimal,2024-01-04,2025-10-04 15:36:08
1287,429,3,68,optimal,2026-02-20,2024-08-12 20:24:33
1288,430,1,16,optimal,2025-08-24,2024-02-01 00:56:42
1289,430,2,70,optimal,2025-10-03,2025-09-06 10:57:08
1290,430,3,66,optimal,2024-03-31,2024-04-03 04:04:11
1291,431,1,100,optimal,2025-06-12,2025-02-02 04:22:05
1292,431,2,57,optimal,2025-05-24,2024-05-14 11:28:38
1293,431,3,20,optimal,2025-07-03,2025-03-13 17:29:42
1294,432,1,34,optimal,2024-12-23,2024-01-31 14:27:17
1295,432,2,57,optimal,2025-08-31,2026-01-27 07:18:34
1296,432,3,34,optimal,2025-05-06,2024-02-03 08:55:11
1297,433,1,20,optimal,2025-08-01,2024-02-24 12:22:29
1298,433,2,19,optimal,2025-07-15,2025-11-15 14:53:16
1299,433,3,8,optimal,2025-03-20,2024-11-02 18:03:08
1300,434,1,78,optimal,2024-05-06,2024-07-13 09:20:52
1301,434,2,83,optimal,2025-07-20,2024-08-09 22:49:21
1302,434,3,92,optimal,2025-08-16,2025-04-22 14:03:43
1303,435,1,89,optimal,2025-12-05,2024-09-20 12:50:37
1304,435,2,87,optimal,2025-11-18,2025-08-17 10:58:59
1305,435,3,50,optimal,2025-06-25,2025-05-12 03:12:58
1306,436,1,23,optimal,2025-09-19,2024-04-15 23:06:07
1307,436,2,61,optimal,2024-02-14,2024-09-03 21:37:57
1308,436,3,1,optimal,2024-01-08,2024-12-24 05:05:04
1309,437,1,19,optimal,2025-07-10,2025-07-24 20:54:50
1310,437,2,13,optimal,2024-08-22,2024-06-14 05:09:23
1311,437,3,38,optimal,2025-10-06,2025-11-22 08:05:04
1312,438,1,15,optimal,2024-10-26,2024-10-09 14:15:14
1313,438,2,31,optimal,2026-02-07,2024-04-28 09:43:14
1314,438,3,81,optimal,2026-05-02,2026-02-07 00:03:27
1315,439,1,43,optimal,2024-12-02,2024-12-15 22:24:35
1316,439,2,6,optimal,2024-04-28,2025-04-11 16:10:30
1317,439,3,77,optimal,2025-05-19,2026-01-24 21:47:47
1318,440,1,67,optimal,2024-12-03,2024-09-12 23:37:19
1319,440,2,91,optimal,2025-07-06,2024-12-04 15:49:12
1320,440,3,30,optimal,2025-04-18,2026-02-14 20:49:33
1321,441,1,5,optimal,2024-06-17,2025-07-05 18:06:22
1322,441,2,3,optimal,2025-01-20,2024-09-12 06:01:16
1323,441,3,79,optimal,2026-03-13,2025-06-13 14:27:42
1324,442,1,22,optimal,2024-09-16,2024-12-08 03:36:54
1325,442,2,35,optimal,2024-01-09,2024-06-22 19:36:16
1326,442,3,52,optimal,2025-09-28,2026-05-01 07:17:43
1327,443,1,44,optimal,2026-02-20,2024-08-19 04:22:57
1328,443,2,45,optimal,2024-05-02,2025-11-05 05:15:29
1329,443,3,21,optimal,2026-04-28,2025-07-01 12:16:47
1330,444,1,63,optimal,2024-05-16,2025-07-01 15:58:56
1331,444,2,76,optimal,2024-05-24,2024-06-08 04:20:58
1332,444,3,41,optimal,2024-08-09,2024-02-28 10:08:15
1333,445,1,93,optimal,2025-04-09,2025-07-18 20:40:32
1334,445,2,11,optimal,2024-12-27,2024-09-14 06:36:21
1335,445,3,3,optimal,2025-12-03,2024-03-01 06:09:35
1336,446,1,20,optimal,2025-11-17,2025-02-27 11:16:20
1337,446,2,85,optimal,2025-05-08,2024-12-29 23:52:18
1338,446,3,99,optimal,2024-08-16,2024-08-26 08:42:51
1339,447,1,32,optimal,2025-04-27,2025-02-17 21:42:08
1340,447,2,32,optimal,2025-01-11,2025-01-02 19:04:29
1341,447,3,79,optimal,2025-10-13,2025-09-16 10:28:25
1342,448,1,12,optimal,2024-01-29,2026-02-14 00:40:59
1343,448,2,19,optimal,2025-06-04,2025-07-29 15:15:53
1344,448,3,54,optimal,2025-02-16,2025-06-26 23:37:30
1345,449,1,29,optimal,2024-07-24,2026-03-29 20:15:52
1346,449,2,72,optimal,2024-11-19,2024-06-16 22:02:15
1347,449,3,94,optimal,2024-04-29,2025-07-20 17:41:46
1348,450,1,67,optimal,2025-12-01,2024-07-18 14:01:24
1349,450,2,39,optimal,2025-10-18,2024-09-23 10:54:39
1350,450,3,24,optimal,2024-04-06,2024-01-20 23:36:09
1351,451,1,15,optimal,2026-03-06,2024-12-20 20:15:15
1352,451,2,8,optimal,2025-03-23,2025-03-10 16:23:19
1353,451,3,97,optimal,2024-04-12,2024-03-30 16:01:46
1354,452,1,99,optimal,2024-10-21,2024-06-06 02:42:21
1355,452,2,56,optimal,2024-09-07,2024-01-28 16:14:44
1356,452,3,23,optimal,2024-11-14,2024-05-06 11:26:29
1357,453,1,66,optimal,2024-11-05,2025-10-23 03:58:29
1358,453,2,72,optimal,2024-09-12,2024-02-08 11:45:38
1359,453,3,92,optimal,2025-10-18,2025-06-01 05:16:11
1360,454,1,1,optimal,2025-11-27,2024-05-02 06:06:36
1361,454,2,7,optimal,2026-01-19,2025-04-23 19:31:32
1362,454,3,36,optimal,2024-12-12,2024-01-22 01:26:07
1363,455,1,87,optimal,2025-07-30,2025-09-03 22:14:28
1364,455,2,84,optimal,2025-09-14,2025-07-06 01:34:14
1365,455,3,83,optimal,2025-05-18,2024-04-27 15:34:04
1366,456,1,82,optimal,2025-09-23,2024-08-09 05:37:37
1367,456,2,49,optimal,2025-08-28,2024-07-24 01:40:24
1368,456,3,70,optimal,2025-01-25,2025-03-06 13:20:35
1369,457,1,60,optimal,2025-05-20,2024-11-03 02:41:23
1370,457,2,26,optimal,2024-09-16,2025-09-25 02:27:53
1371,457,3,19,optimal,2025-01-21,2024-06-15 03:32:56
1372,458,1,84,optimal,2024-03-02,2024-02-09 18:09:07
1373,458,2,44,optimal,2025-06-06,2024-02-23 01:06:53
1374,458,3,11,optimal,2026-04-29,2025-09-12 15:38:40
1375,459,1,69,optimal,2024-12-22,2024-01-04 10:42:12
1376,459,2,73,optimal,2025-04-17,2025-06-13 03:16:37
1377,459,3,81,optimal,2024-10-24,2024-07-09 13:07:53
1378,460,1,29,optimal,2025-01-12,2025-02-01 16:08:36
1379,460,2,34,optimal,2026-03-31,2024-02-09 02:38:28
1380,460,3,59,optimal,2025-12-19,2025-06-16 10:59:59
1381,461,1,33,optimal,2024-10-16,2025-10-16 22:26:44
1382,461,2,41,optimal,2025-09-29,2024-05-27 21:58:49
1383,461,3,86,optimal,2025-06-14,2025-05-24 11:29:14
1384,462,1,10,optimal,2024-06-29,2025-11-27 03:34:09
1385,462,2,6,optimal,2024-03-05,2025-01-14 19:35:41
1386,462,3,68,optimal,2026-05-08,2024-05-11 05:21:50
1387,463,1,98,optimal,2025-02-02,2026-04-23 10:08:13
1388,463,2,17,optimal,2025-06-15,2025-10-13 11:49:46
1389,463,3,44,optimal,2026-04-14,2024-10-27 07:22:45
1390,464,1,90,optimal,2025-08-24,2024-03-02 01:57:57
1391,464,2,15,optimal,2025-07-10,2025-06-17 03:12:21
1392,464,3,41,optimal,2024-03-08,2025-04-19 06:39:47
1393,465,1,34,optimal,2024-02-09,2024-03-08 13:42:24
1394,465,2,38,optimal,2024-05-03,2024-01-14 12:08:18
1395,465,3,67,optimal,2026-03-12,2025-03-24 06:11:08
1396,466,1,34,optimal,2026-04-02,2024-03-28 11:17:02
1397,466,2,15,optimal,2024-09-04,2026-02-15 03:17:45
1398,466,3,29,optimal,2024-05-31,2025-08-14 22:00:12
1399,467,1,13,optimal,2025-04-23,2025-09-21 20:15:36
1400,467,2,40,optimal,2024-12-02,2025-09-22 19:21:06
1401,467,3,66,optimal,2024-12-16,2025-10-21 17:16:44
1402,468,1,70,optimal,2024-08-29,2025-04-12 07:47:05
1403,468,2,21,optimal,2025-03-08,2025-12-04 08:37:47
1404,468,3,49,optimal,2026-02-05,2025-07-10 07:40:41
1405,469,1,67,optimal,2024-07-25,2025-12-20 02:56:45
1406,469,2,43,optimal,2025-10-26,2025-12-18 02:55:13
1407,469,3,69,optimal,2025-06-30,2024-03-01 09:06:44
1408,470,1,71,optimal,2026-05-08,2026-02-27 19:02:12
1409,470,2,32,optimal,2024-10-10,2024-12-04 15:28:04
1410,470,3,4,optimal,2025-08-06,2025-10-01 13:23:44
1411,471,1,67,optimal,2024-09-01,2024-11-01 13:22:49
1412,471,2,98,optimal,2024-02-18,2024-01-24 13:06:39
1413,471,3,80,optimal,2024-04-22,2024-01-16 01:48:35
1414,472,1,6,optimal,2024-04-26,2024-05-30 10:11:44
1415,472,2,68,optimal,2024-04-19,2025-04-10 00:33:30
1416,472,3,92,optimal,2025-07-16,2024-08-16 21:34:50
1417,473,1,2,optimal,2025-09-27,2026-02-13 03:02:05
1418,473,2,23,optimal,2024-08-30,2026-03-03 14:00:57
1419,473,3,46,optimal,2025-06-06,2024-05-29 01:45:42
1420,474,1,40,optimal,2024-09-19,2024-02-03 13:43:20
1421,474,2,6,optimal,2025-06-05,2025-12-16 01:36:05
1422,474,3,98,optimal,2025-01-25,2024-07-30 20:36:36
1423,475,1,18,optimal,2024-11-28,2024-08-10 07:03:06
1424,475,2,86,optimal,2024-01-25,2024-04-06 11:01:40
1425,475,3,60,optimal,2026-01-10,2024-12-18 03:12:28
1426,476,1,58,optimal,2025-09-28,2024-10-09 22:57:54
1427,476,2,52,optimal,2024-11-11,2025-08-20 12:34:27
1428,476,3,4,optimal,2025-10-09,2024-10-18 05:31:06
1429,477,1,74,optimal,2024-09-05,2025-11-23 20:33:41
1430,477,2,2,optimal,2024-03-30,2024-10-14 09:52:06
1431,477,3,16,optimal,2024-12-13,2025-09-16 04:05:03
1432,478,1,84,optimal,2025-03-15,2024-12-17 21:01:15
1433,478,2,68,optimal,2025-12-07,2025-11-10 16:06:17
1434,478,3,32,optimal,2024-06-27,2026-03-27 23:40:45
1435,479,1,72,optimal,2024-12-21,2024-10-14 03:13:02
1436,479,2,84,optimal,2026-02-01,2024-09-21 23:20:06
1437,479,3,48,optimal,2026-03-10,2024-01-17 13:34:18
1438,480,1,53,optimal,2024-01-19,2024-04-09 16:24:35
1439,480,2,78,optimal,2025-03-28,2024-07-28 00:04:12
1440,480,3,65,optimal,2024-12-09,2025-12-08 10:27:41
1441,481,1,4,optimal,2025-07-26,2024-02-08 03:33:07
1442,481,2,29,optimal,2026-01-18,2026-03-22 11:24:18
1443,481,3,72,optimal,2025-03-23,2024-12-25 02:44:07
1444,482,1,98,optimal,2024-05-02,2025-05-06 07:41:26
1445,482,2,17,optimal,2025-11-13,2025-02-10 09:19:33
1446,482,3,41,optimal,2025-10-02,2024-10-30 21:40:58
1447,483,1,71,optimal,2025-12-30,2024-01-14 21:00:42
1448,483,2,32,optimal,2024-06-06,2024-02-19 14:38:26
1449,483,3,9,optimal,2024-06-19,2025-01-10 05:51:50
1450,484,1,54,optimal,2025-02-17,2024-11-02 17:48:57
1451,484,2,64,optimal,2024-09-08,2025-04-19 13:40:31
1452,484,3,50,optimal,2025-08-24,2024-06-07 00:49:08
1453,485,1,100,optimal,2025-09-16,2025-06-22 07:19:50
1454,485,2,19,optimal,2025-07-03,2025-11-01 21:34:20
1455,485,3,50,optimal,2024-04-23,2026-05-03 08:58:43
1456,486,1,31,optimal,2025-07-27,2025-05-20 01:06:02
1457,486,2,19,optimal,2024-03-22,2025-05-07 16:14:14
1458,486,3,23,optimal,2026-02-25,2025-02-20 14:10:09
1459,487,1,92,optimal,2025-08-15,2024-04-02 00:50:51
1460,487,2,18,optimal,2024-11-29,2024-02-06 05:40:08
1461,487,3,44,optimal,2025-07-02,2025-03-30 22:15:38
1462,488,1,12,optimal,2025-04-03,2025-10-27 12:14:18
1463,488,2,35,optimal,2024-08-07,2024-06-14 17:20:33
1464,488,3,26,optimal,2025-03-22,2024-02-18 03:09:44
1465,489,1,66,optimal,2024-02-08,2026-02-11 07:21:15
1466,489,2,100,optimal,2025-05-03,2024-01-26 01:50:04
1467,489,3,10,optimal,2024-05-16,2026-01-13 02:22:10
1468,490,1,26,optimal,2024-01-29,2025-12-09 10:24:29
1469,490,2,25,optimal,2025-09-07,2024-10-17 03:49:44
1470,490,3,60,optimal,2024-09-28,2025-03-10 13:34:12
1471,491,1,59,optimal,2026-02-24,2025-12-11 09:13:39
1472,491,2,72,optimal,2025-07-09,2026-04-01 01:48:25
1473,491,3,83,optimal,2025-10-23,2026-02-11 21:19:24
1474,492,1,77,optimal,2024-10-04,2025-07-20 14:13:59
1475,492,2,6,optimal,2025-08-29,2025-07-09 08:26:29
1476,492,3,74,optimal,2026-02-14,2024-03-31 18:39:38
1477,493,1,50,optimal,2025-08-12,2024-07-26 17:06:28
1478,493,2,36,optimal,2026-05-05,2024-08-14 06:12:34
1479,493,3,62,optimal,2024-01-15,2024-12-17 17:24:33
1480,494,1,28,optimal,2024-07-18,2024-10-26 09:25:24
1481,494,2,54,optimal,2026-05-03,2025-02-17 22:20:45
1482,494,3,46,optimal,2024-05-03,2024-07-11 05:45:16
1483,495,1,28,optimal,2026-03-15,2025-04-26 05:47:34
1484,495,2,38,optimal,2026-03-24,2024-02-06 06:22:22
1485,495,3,21,optimal,2026-01-16,2025-02-02 18:45:42
1486,496,1,3,optimal,2025-08-30,2026-01-21 19:31:40
1487,496,2,1,optimal,2025-01-13,2024-07-20 19:10:53
1488,496,3,0,optimal,2025-05-30,2024-11-03 00:05:47
1489,497,1,89,optimal,2026-01-15,2024-08-17 11:45:19
1490,497,2,23,optimal,2025-10-28,2026-04-04 05:34:22
1491,497,3,36,optimal,2025-04-01,2025-01-20 21:26:19
1492,498,1,61,optimal,2025-08-05,2025-06-01 03:38:37
1493,498,2,97,optimal,2024-12-23,2024-09-21 02:28:15
1494,498,3,20,optimal,2024-06-15,2024-08-04 09:27:00
1495,499,1,91,optimal,2024-12-15,2025-10-31 12:46:35
1496,499,2,95,optimal,2025-03-02,2024-03-22 22:37:30
1497,499,3,85,optimal,2025-08-17,2026-01-17 20:21:37
1498,500,1,30,optimal,2024-05-07,2026-01-07 10:32:27
1499,500,2,13,optimal,2025-01-21,2024-06-30 20:20:54
1500,500,3,78,optimal,2026-05-06,2026-04-08 08:39:15