id,sku,name,description,category_id,uom_id,image_url,list_price,cost_price,reorder_level,reorder_quantity,supplier_lead_time_days,status,barcode
"1","SKU00001","Modern Marble Ball","Electronic Keyboard designed with Plastic for upbeat performance","6","1","","86.65","66.65","45","37","4","discontinued","BAR00000001"
"2","SKU00002","Rustic Marble Pants","The sleek and tight Fish comes with pink LED lighting for smart functionality","8","1","","708.24","544.80","15","98","3","discontinued","BAR00000002"
"3","SKU00003","Practical Granite Salad","Introducing the Namibia-inspired Gloves, blending ill-fated style with local craftsmanship","6","1","","1047.27","805.59","23","69","9","discontinued","BAR00000003"
"4","SKU00004","Small Gold Shirt","The Freeda Bacon is the latest in a series of optimal products from Okuneva - Hoppe","4","4","","1289.98","992.29","49","64","8","active","BAR00000004"
"5","SKU00005","Fantastic Wooden Keyboard","The Enhanced global encoding Mouse offers reliable performance and old-fashioned design","1","2","","1200.20","923.23","45","81","15","discontinued","BAR00000005"
"6","SKU00006","Refined Silk Mouse","Koss Group's most advanced Bike technology increases bare capabilities","1","2","","406.71","312.85","9","60","25","discontinued","BAR00000006"
"7","SKU00007","Generic Gold Gloves","Discover the dolphin-like agility of our Car, perfect for handy users","10","4","","488.87","376.05","39","27","13","active","BAR00000007"
"8","SKU00008","Licensed Aluminum Bike","Discover the male new Shoes with an exciting mix of Rubber ingredients","6","2","","541.83","416.79","34","98","23","active","BAR00000008"
"9","SKU00009","Incredible Marble Sausages","Our crispy-inspired Ball brings a taste of luxury to your rough lifestyle","8","4","","332.14","255.49","36","78","7","discontinued","BAR00000009"
"10","SKU00010","Oriental Marble Car","Discover the black new Ball with an exciting mix of Rubber ingredients","4","3","","1052.67","809.75","47","53","22","active","BAR00000010"
"11","SKU00011","Luxurious Granite Chicken","Ferry and Sons's most advanced Pizza technology increases cumbersome capabilities","2","4","","510.50","392.69","12","35","13","discontinued","BAR00000011"
"12","SKU00012","Elegant Bronze Sausages","Our golden-inspired Car brings a taste of luxury to your tinted lifestyle","7","1","","444.46","341.89","34","30","14","discontinued","BAR00000012"
"13","SKU00013","Sleek Silk Tuna","Experience the tan brilliance of our Bacon, perfect for legal environments","1","2","","973.51","748.85","35","93","24","discontinued","BAR00000013"
"14","SKU00014","Refined Concrete Pants","Featuring Lead-enhanced technology, our Pants offers unparalleled entire performance","4","1","","575.90","443.00","44","81","7","discontinued","BAR00000014"
"15","SKU00015","Practical Wooden Pizza","The Monty Shoes is the latest in a series of secret products from Lueilwitz, Herzog and Dietrich","1","1","","440.83","339.10","29","21","3","discontinued","BAR00000015"
"16","SKU00016","Practical Cotton Bacon","Innovative Mouse featuring pretty technology and Gold construction","9","5","","292.63","225.10","13","89","7","discontinued","BAR00000016"
"17","SKU00017","Luxurious Steel Bike","Unbranded Chicken designed with Ceramic for misguided performance","6","1","","1025.12","788.55","8","44","12","active","BAR00000017"
"18","SKU00018","Handcrafted Gold Chair","Soft Car designed with Steel for sticky performance","1","5","","484.89","372.99","6","91","16","active","BAR00000018"
"19","SKU00019","Incredible Steel Mouse","The teal Chair combines Benin aesthetics with Radon-based durability","4","3","","1141.08","877.75","35","34","3","active","BAR00000019"
"20","SKU00020","Rustic Wooden Pants","Discover the bat-like agility of our Car, perfect for mild users","5","5","","353.20","271.69","7","87","4","active","BAR00000020"
"21","SKU00021","Ergonomic Steel Fish","Savor the spicy essence in our Car, designed for trustworthy culinary adventures","1","1","","504.52","388.09","14","77","9","discontinued","BAR00000021"
"22","SKU00022","Ergonomic Aluminum Sausages","Experience the orchid brilliance of our Chair, perfect for frivolous environments","4","2","","983.06","756.20","38","81","21","discontinued","BAR00000022"
"23","SKU00023","Modern Ceramic Gloves","The Organized responsive neural-net Pants offers reliable performance and candid design","5","4","","1009.57","776.59","15","46","7","discontinued","BAR00000023"
"24","SKU00024","Small Steel Salad","Featuring Rubidium-enhanced technology, our Pants offers unparalleled ajar performance","10","2","","81.37","62.59","35","83","19","discontinued","BAR00000024"
"25","SKU00025","Intelligent Ceramic Tuna","Fantastic Cheese designed with Ceramic for prickly performance","9","4","","45.96","35.35","34","23","3","active","BAR00000025"
"26","SKU00026","Rustic Bamboo Hat","Professional-grade Shoes perfect for unimportant training and recreational use","2","5","","446.67","343.59","32","68","28","discontinued","BAR00000026"
"27","SKU00027","Elegant Granite Keyboard","Professional-grade Gloves perfect for flawed training and recreational use","3","4","","137.66","105.89","6","26","24","active","BAR00000027"
"28","SKU00028","Ergonomic Rubber Sausages","Stylish Cheese designed to make you stand out with pleasant looks","2","5","","337.03","259.25","25","75","23","active","BAR00000028"
"29","SKU00029","Gorgeous Steel Keyboard","The sleek and snarling Bike comes with magenta LED lighting for smart functionality","3","3","","1200.80","923.69","13","68","26","active","BAR00000029"
"30","SKU00030","Fresh Cotton Table","Discover the cow-like agility of our Towels, perfect for best users","6","2","","749.05","576.19","13","30","9","active","BAR00000030"
"31","SKU00031","Small Bamboo Towels","Fresh Soap designed with Granite for impossible performance","9","5","","1043.63","802.79","26","27","8","discontinued","BAR00000031"
"32","SKU00032","Small Granite Table","The Philip Shirt is the latest in a series of similar products from Heller - Pouros","5","5","","453.83","349.10","49","46","19","discontinued","BAR00000032"
"33","SKU00033","Small Gold Sausages","Experience the mint green brilliance of our Bike, perfect for gloomy environments","8","1","","1293.36","994.89","18","62","11","active","BAR00000033"
"34","SKU00034","Luxurious Wooden Chips","The Yolanda Pizza is the latest in a series of determined products from Langworth, Jacobi and Collins","7","2","","1096.81","843.70","29","24","20","active","BAR00000034"
"35","SKU00035","Unbranded Granite Chair","New green Cheese with ergonomic design for terrible comfort","1","4","","1292.19","993.99","19","49","26","discontinued","BAR00000035"
"36","SKU00036","Incredible Silk Computer","Savor the crunchy essence in our Sausages, designed for firm culinary adventures","8","3","","267.79","205.99","9","90","22","active","BAR00000036"
"37","SKU00037","Ergonomic Wooden Salad","Innovative Pants featuring rectangular technology and Wooden construction","8","1","","502.26","386.35","38","59","5","discontinued","BAR00000037"
"38","SKU00038","Elegant Steel Pants","Savor the juicy essence in our Tuna, designed for long-term culinary adventures","1","2","","993.01","763.85","46","66","20","discontinued","BAR00000038"
"39","SKU00039","Oriental Plastic Shirt","Discover the idolized new Shoes with an exciting mix of Granite ingredients","1","5","","1145.42","881.09","44","47","9","active","BAR00000039"
"40","SKU00040","Unbranded Concrete Shirt","Innovative Chips featuring narrow technology and Steel construction","3","5","","421.84","324.49","27","62","15","active","BAR00000040"
"41","SKU00041","Tasty Marble Pants","Discover the giraffe-like agility of our Fish, perfect for agile users","9","1","","913.45","702.65","21","83","24","discontinued","BAR00000041"
"42","SKU00042","Fantastic Bamboo Pants","The Edgar Gloves is the latest in a series of favorite products from Dare, Walsh and Breitenberg","6","2","","745.75","573.65","34","72","8","active","BAR00000042"
"43","SKU00043","Gorgeous Ceramic Bacon","Professional-grade Shirt perfect for splendid training and recreational use","10","4","","1242.27","955.59","5","37","25","discontinued","BAR00000043"
"44","SKU00044","Handmade Silk Keyboard","Savor the juicy essence in our Chips, designed for sniveling culinary adventures","4","2","","904.06","695.43","27","70","4","active","BAR00000044"
"45","SKU00045","Ergonomic Ceramic Bike","Our salty-inspired Bacon brings a taste of luxury to your bare lifestyle","8","1","","754.85","580.65","20","86","26","active","BAR00000045"
"46","SKU00046","Fresh Wooden Tuna","Our gorilla-friendly Hat ensures handy comfort for your pets","9","3","","988.59","760.45","31","20","28","discontinued","BAR00000046"
"47","SKU00047","Small Rubber Table","The violet Pizza combines Chad aesthetics with Protactinium-based durability","10","3","","286.90","220.69","9","87","17","discontinued","BAR00000047"
"48","SKU00048","Fantastic Silk Chair","Our zesty-inspired Sausages brings a taste of luxury to your every lifestyle","1","5","","900.06","692.35","50","79","5","active","BAR00000048"
"49","SKU00049","Ergonomic Gold Sausages","Introducing the French Guiana-inspired Ball, blending jubilant style with local craftsmanship","6","5","","665.94","512.26","41","24","9","discontinued","BAR00000049"
"50","SKU00050","Bespoke Metal Salad","The gold Shirt combines Lesotho aesthetics with Iodine-based durability","9","2","","358.48","275.75","30","50","24","discontinued","BAR00000050"
"51","SKU00051","Recycled Wooden Shirt","Innovative Pizza featuring simplistic technology and Metal construction","4","5","","160.93","123.79","50","94","16","active","BAR00000051"
"52","SKU00052","Handmade Metal Chair","Professional-grade Chair perfect for voluminous training and recreational use","10","2","","609.43","468.79","22","61","12","active","BAR00000052"
"53","SKU00053","Handcrafted Concrete Shoes","Innovative Fish featuring scientific technology and Concrete construction","9","1","","323.77","249.05","46","24","29","active","BAR00000053"
"54","SKU00054","Handcrafted Plastic Fish","New Hat model with 91 GB RAM, 152 GB storage, and concrete features","1","5","","968.10","744.69","31","92","14","active","BAR00000054"
"55","SKU00055","Licensed Ceramic Tuna","Discover the cat-like agility of our Gloves, perfect for emotional users","10","2","","692.63","532.79","35","57","25","active","BAR00000055"
"56","SKU00056","Frozen Metal Soap","New turquoise Sausages with ergonomic design for murky comfort","3","4","","885.94","681.49","6","75","13","active","BAR00000056"
"57","SKU00057","Awesome Marble Computer","Purdy-Treutel, Deckow and Schowalter's most advanced Bike technology increases glum capabilities","9","3","","696.92","536.09","50","51","8","active","BAR00000057"
"58","SKU00058","Intelligent Steel Bacon","The Valentina Computer is the latest in a series of ruddy products from DuBuque, White and Fay-D'Amore","6","3","","728.77","560.59","47","75","17","discontinued","BAR00000058"
"59","SKU00059","Modern Ceramic Chair","Our kangaroo-friendly Sausages ensures judicious comfort for your pets","7","5","","537.80","413.69","8","66","26","discontinued","BAR00000059"
"60","SKU00060","Rustic Rubber Computer","Professional-grade Cheese perfect for jealous training and recreational use","9","1","","1092.71","840.55","36","46","19","active","BAR00000060"
"61","SKU00061","Gorgeous Cotton Towels","Savor the delicious essence in our Bike, designed for parallel culinary adventures","1","1","","354.76","272.89","44","30","21","active","BAR00000061"
"62","SKU00062","Fresh Metal Car","New Table model with 23 GB RAM, 809 GB storage, and instructive features","7","4","","1197.24","920.95","22","53","17","active","BAR00000062"
"63","SKU00063","Elegant Ceramic Tuna","New Chicken model with 35 GB RAM, 867 GB storage, and snoopy features","6","5","","422.58","325.06","22","28","30","discontinued","BAR00000063"
"64","SKU00064","Sleek Granite Shirt","Discover the wry new Table with an exciting mix of Silk ingredients","10","1","","307.52","236.55","39","89","23","discontinued","BAR00000064"
"65","SKU00065","Handmade Bamboo Car","Stylish Chips designed to make you stand out with diligent looks","10","1","","885.55","681.19","28","50","26","discontinued","BAR00000065"
"66","SKU00066","Fresh Cotton Bacon","The Elouise Chair is the latest in a series of blond products from Adams Group","6","2","","395.39","304.15","24","53","12","discontinued","BAR00000066"
"67","SKU00067","Ergonomic Plastic Ball","Discover the rhinoceros-like agility of our Soap, perfect for magnificent users","3","2","","311.47","239.59","23","42","21","active","BAR00000067"
"68","SKU00068","Electronic Aluminum Hat","The Willie Pizza is the latest in a series of liquid products from Von, Breitenberg and Johnston","2","5","","653.71","502.85","17","58","28","active","BAR00000068"
"69","SKU00069","Handmade Rubber Hat","Featuring Bismuth-enhanced technology, our Pants offers unparalleled regular performance","9","2","","1145.43","881.10","35","78","25","discontinued","BAR00000069"
"70","SKU00070","Oriental Plastic Bike","The Polarised radical initiative Pants offers reliable performance and messy design","2","4","","82.67","63.59","23","89","21","discontinued","BAR00000070"
"71","SKU00071","Electronic Metal Pizza","Discover the dolphin-like agility of our Bacon, perfect for all users","4","2","","1260.60","969.69","42","89","8","active","BAR00000071"
"72","SKU00072","Tasty Wooden Towels","Featuring Phosphorus-enhanced technology, our Cheese offers unparalleled grouchy performance","4","2","","1054.16","810.89","42","100","20","discontinued","BAR00000072"
"73","SKU00073","Generic Rubber Sausages","Sleek Shirt designed with Cotton for energetic performance","1","3","","1036.74","797.49","18","98","11","active","BAR00000073"
"74","SKU00074","Bespoke Metal Chair","Ergonomic Gloves made with Granite for all-day evil support","7","1","","868.91","668.39","38","66","23","discontinued","BAR00000074"
"75","SKU00075","Ergonomic Bronze Soap","Experience the blue brilliance of our Pants, perfect for limping environments","6","4","","317.06","243.89","13","23","9","discontinued","BAR00000075"
"76","SKU00076","Practical Concrete Computer","Innovative Shirt featuring able technology and Metal construction","9","4","","396.88","305.29","25","97","4","active","BAR00000076"
"77","SKU00077","Handmade Bamboo Car","Our zesty-inspired Chips brings a taste of luxury to your mediocre lifestyle","4","1","","507.64","390.49","39","38","29","discontinued","BAR00000077"
"78","SKU00078","Unbranded Cotton Computer","Introducing the Burkina Faso-inspired Ball, blending puzzled style with local craftsmanship","10","1","","1153.30","887.15","46","94","20","active","BAR00000078"
"79","SKU00079","Refined Cotton Keyboard","Our dolphin-friendly Chips ensures ordinary comfort for your pets","5","2","","504.13","387.79","33","55","17","active","BAR00000079"
"80","SKU00080","Oriental Granite Soap","Discover the nocturnal new Sausages with an exciting mix of Cotton ingredients","9","1","","1280.23","984.79","30","35","23","discontinued","BAR00000080"
"81","SKU00081","Electronic Bamboo Shoes","Innovative Chips featuring polite technology and Granite construction","5","1","","91.90","70.69","8","62","11","active","BAR00000081"
"82","SKU00082","Gorgeous Cotton Shirt","Featuring Caesium-enhanced technology, our Towels offers unparalleled crowded performance","7","1","","498.16","383.20","47","70","14","active","BAR00000082"
"83","SKU00083","Gorgeous Steel Pizza","Featuring Chlorine-enhanced technology, our Chair offers unparalleled concerned performance","5","5","","782.66","602.05","26","71","15","active","BAR00000083"
"84","SKU00084","Elegant Steel Tuna","New ivory Tuna with ergonomic design for graceful comfort","10","1","","160.29","123.30","18","57","24","active","BAR00000084"
"85","SKU00085","Luxurious Silk Computer","Featuring Molybdenum-enhanced technology, our Sausages offers unparalleled any performance","10","4","","793.33","610.25","49","86","3","discontinued","BAR00000085"
"86","SKU00086","Tasty Aluminum Mouse","Ergonomic Pizza made with Plastic for all-day cumbersome support","5","4","","29.37","22.59","14","56","6","active","BAR00000086"
"87","SKU00087","Fantastic Ceramic Pizza","The sleek and posh Pants comes with violet LED lighting for smart functionality","8","5","","248.94","191.49","25","67","3","active","BAR00000087"
"88","SKU00088","Luxurious Bronze Cheese","Introducing the Cuba-inspired Pizza, blending haunting style with local craftsmanship","2","3","","155.34","119.49","11","45","30","active","BAR00000088"
"89","SKU00089","Handmade Aluminum Salad","Savor the fluffy essence in our Soap, designed for live culinary adventures","1","3","","275.80","212.15","9","28","13","discontinued","BAR00000089"
"90","SKU00090","Bespoke Steel Car","Discover the squeaky new Towels with an exciting mix of Marble ingredients","9","2","","1165.44","896.49","50","89","14","active","BAR00000090"
"91","SKU00091","Frozen Wooden Gloves","Handcrafted Pizza designed with Silk for useless performance","5","5","","460.45","354.19","17","20","23","discontinued","BAR00000091"
"92","SKU00092","Ergonomic Rubber Soap","Discover the flamingo-like agility of our Salad, perfect for dual users","10","5","","377.78","290.60","25","80","21","active","BAR00000092"
"93","SKU00093","Sleek Granite Soap","Ergonomic Shirt made with Aluminum for all-day skeletal support","2","2","","836.54","643.49","46","68","23","discontinued","BAR00000093"
"94","SKU00094","Handcrafted Granite Keyboard","The sleek and trivial Tuna comes with orange LED lighting for smart functionality","8","2","","601.71","462.85","17","75","9","discontinued","BAR00000094"
"95","SKU00095","Practical Gold Hat","Discover the whopping new Gloves with an exciting mix of Silk ingredients","1","4","","901.23","693.25","6","68","3","discontinued","BAR00000095"
"96","SKU00096","Licensed Wooden Hat","Ergonomic Chips made with Silk for all-day shadowy support","4","2","","508.83","391.41","5","38","6","active","BAR00000096"
"97","SKU00097","Fresh Ceramic Car","Discover the parrot-like agility of our Car, perfect for worthless users","6","3","","42.06","32.35","8","26","4","discontinued","BAR00000097"
"98","SKU00098","Awesome Rubber Tuna","The Kevon Sausages is the latest in a series of gorgeous products from Koss - Russel","7","5","","968.75","745.19","16","76","27","discontinued","BAR00000098"
"99","SKU00099","Gorgeous Granite Mouse","Hills-Ritchie and Sons's most advanced Salad technology increases inconsequential capabilities","1","4","","120.12","92.40","43","71","7","discontinued","BAR00000099"
"100","SKU00100","Fantastic Granite Shoes","The Distributed neutral paradigm Pants offers reliable performance and which design","1","1","","1107.73","852.10","11","84","6","active","BAR00000100"
"101","SKU00101","Ergonomic Gold Shirt","Our tiger-friendly Keyboard ensures linear comfort for your pets","5","1","","944.18","726.29","23","77","7","discontinued","BAR00000101"
"102","SKU00102","Incredible Marble Tuna","Stylish Salad designed to make you stand out with old looks","3","5","","34.32","26.40","45","28","20","discontinued","BAR00000102"
"103","SKU00103","Refined Granite Salad","Savor the tender essence in our Chicken, designed for dreary culinary adventures","7","5","","781.81","601.39","9","48","7","discontinued","BAR00000103"
"104","SKU00104","Licensed Bamboo Shirt","Refined Cheese designed with Steel for elementary performance","8","1","","1151.66","885.89","7","20","30","discontinued","BAR00000104"
"105","SKU00105","Refined Rubber Sausages","New Salad model with 3 GB RAM, 510 GB storage, and better features","8","4","","1218.22","937.09","37","42","18","discontinued","BAR00000105"
"106","SKU00106","Luxurious Wooden Salad","Ergonomic Chicken made with Bamboo for all-day remarkable support","4","1","","164.96","126.89","36","48","11","active","BAR00000106"
"107","SKU00107","Gorgeous Bamboo Sausages","Our bear-friendly Bacon ensures dead comfort for your pets","9","4","","533.19","410.15","35","50","24","active","BAR00000107"
"108","SKU00108","Oriental Metal Salad","Swift - Jakubowski's most advanced Tuna technology increases vibrant capabilities","10","3","","194.47","149.59","22","48","12","active","BAR00000108"
"109","SKU00109","Practical Steel Pants","The Triple-buffered intangible portal Gloves offers reliable performance and tedious design","7","1","","444.20","341.69","29","91","13","active","BAR00000109"
"110","SKU00110","Electronic Granite Bacon","Professional-grade Bike perfect for corny training and recreational use","9","5","","17.48","13.45","24","87","21","discontinued","BAR00000110"
"111","SKU00111","Licensed Concrete Pants","Stylish Computer designed to make you stand out with straight looks","6","5","","587.73","452.10","34","46","13","active","BAR00000111"
"112","SKU00112","Tasty Bronze Chair","New Shirt model with 61 GB RAM, 16 GB storage, and apt features","5","3","","429.08","330.06","15","58","28","active","BAR00000112"
"113","SKU00113","Intelligent Marble Soap","The AI-driven zero trust leverage Gloves offers reliable performance and deficient design","8","3","","101.26","77.89","23","61","29","active","BAR00000113"
"114","SKU00114","Refined Ceramic Tuna","The yellow Hat combines Mozambique aesthetics with Titanium-based durability","3","4","","1131.12","870.09","42","42","16","active","BAR00000114"
"115","SKU00115","Unbranded Ceramic Soap","New Bacon model with 14 GB RAM, 377 GB storage, and cautious features","3","3","","301.59","231.99","28","44","20","discontinued","BAR00000115"
"116","SKU00116","Generic Granite Salad","Introducing the Canada-inspired Gloves, blending wealthy style with local craftsmanship","7","2","","47.57","36.59","17","95","22","active","BAR00000116"
"117","SKU00117","Elegant Cotton Shoes","Our creamy-inspired Chicken brings a taste of luxury to your lavish lifestyle","5","2","","485.80","373.69","9","72","8","discontinued","BAR00000117"
"118","SKU00118","Ergonomic Wooden Computer","New violet Tuna with ergonomic design for subtle comfort","2","2","","393.83","302.95","50","50","9","active","BAR00000118"
"119","SKU00119","Electronic Concrete Bacon","Frozen Bacon designed with Concrete for brisk performance","1","5","","370.04","284.65","50","70","27","active","BAR00000119"
"120","SKU00120","Licensed Ceramic Chicken","Discover the whale-like agility of our Ball, perfect for graceful users","1","4","","773.18","594.75","37","81","13","active","BAR00000120"
"121","SKU00121","Electronic Silk Chicken","Stylish Cheese designed to make you stand out with bleak looks","8","4","","680.51","523.47","6","99","16","discontinued","BAR00000121"
"122","SKU00122","Awesome Steel Car","Professional-grade Chicken perfect for first training and recreational use","10","1","","55.89","42.99","6","77","16","active","BAR00000122"
"123","SKU00123","Luxurious Metal Sausages","The sleek and raw Table comes with maroon LED lighting for smart functionality","3","3","","111.48","85.75","18","59","12","discontinued","BAR00000123"
"124","SKU00124","Ergonomic Marble Sausages","The Gregory Shirt is the latest in a series of earnest products from Botsford, Huel and Renner","6","1","","200.27","154.05","30","74","30","discontinued","BAR00000124"
"125","SKU00125","Intelligent Silk Ball","Professional-grade Pants perfect for tasty training and recreational use","2","5","","182.64","140.49","14","40","11","active","BAR00000125"
"126","SKU00126","Generic Bronze Table","The magenta Ball combines Svalbard & Jan Mayen Islands aesthetics with Fermium-based durability","4","5","","856.69","658.99","33","40","20","discontinued","BAR00000126"
"127","SKU00127","Bespoke Gold Salad","Discover the ignorant new Computer with an exciting mix of Granite ingredients","1","3","","1042.96","802.28","38","100","27","discontinued","BAR00000127"
"128","SKU00128","Awesome Plastic Hat","Introducing the Egypt-inspired Car, blending equatorial style with local craftsmanship","10","2","","871.20","670.15","32","43","17","active","BAR00000128"
"129","SKU00129","Bespoke Cotton Hat","The Jarrell Sausages is the latest in a series of grizzled products from Huel LLC","4","3","","709.74","545.95","15","70","30","discontinued","BAR00000129"
"130","SKU00130","Handcrafted Marble Pizza","Discover the that new Tuna with an exciting mix of Granite ingredients","1","2","","344.04","264.65","11","69","14","discontinued","BAR00000130"
"131","SKU00131","Luxurious Wooden Chicken","Our creamy-inspired Tuna brings a taste of luxury to your swift lifestyle","2","1","","107.97","83.05","45","70","23","active","BAR00000131"
"132","SKU00132","Generic Marble Soap","New Hat model with 82 GB RAM, 847 GB storage, and disloyal features","9","1","","1233.17","948.59","12","73","5","discontinued","BAR00000132"
"133","SKU00133","Rustic Plastic Shirt","New Ball model with 79 GB RAM, 134 GB storage, and far-off features","4","4","","448.10","344.69","32","66","21","discontinued","BAR00000133"
"134","SKU00134","Frozen Plastic Tuna","Discover the horse-like agility of our Fish, perfect for silver users","2","2","","1137.75","875.19","19","79","21","active","BAR00000134"
"135","SKU00135","Modern Gold Pizza","Professional-grade Keyboard perfect for queasy training and recreational use","1","1","","901.02","693.09","27","97","11","active","BAR00000135"
"136","SKU00136","Generic Silk Bike","Savor the creamy essence in our Keyboard, designed for blond culinary adventures","2","3","","68.76","52.89","34","66","11","active","BAR00000136"
"137","SKU00137","Practical Rubber Computer","Innovative Soap featuring edible technology and Cotton construction","5","2","","21.83","16.79","44","69","14","active","BAR00000137"
"138","SKU00138","Elegant Gold Car","Our squirrel-friendly Towels ensures favorite comfort for your pets","1","4","","348.07","267.75","33","50","11","active","BAR00000138"
"139","SKU00139","Handmade Gold Gloves","Our tender-inspired Gloves brings a taste of luxury to your spirited lifestyle","2","5","","383.88","295.29","32","33","29","active","BAR00000139"
"140","SKU00140","Licensed Wooden Shoes","Fadel Group's most advanced Pizza technology increases spiteful capabilities","2","3","","613.85","472.19","16","98","5","discontinued","BAR00000140"
"141","SKU00141","Oriental Concrete Shirt","Stylish Shoes designed to make you stand out with svelte looks","2","2","","233.73","179.79","12","93","15","discontinued","BAR00000141"
"142","SKU00142","Refined Aluminum Sausages","New Car model with 15 GB RAM, 798 GB storage, and strong features","2","2","","642.39","494.15","12","81","18","discontinued","BAR00000142"
"143","SKU00143","Soft Gold Table","The Cross-platform radical analyzer Table offers reliable performance and neglected design","9","3","","1155.69","888.99","10","24","6","discontinued","BAR00000143"
"144","SKU00144","Small Steel Pants","Innovative Pants featuring abandoned technology and Plastic construction","6","2","","413.07","317.75","34","51","25","active","BAR00000144"
"145","SKU00145","Intelligent Ceramic Ball","Experience the tan brilliance of our Fish, perfect for excitable environments","8","3","","1055.14","811.65","39","74","13","discontinued","BAR00000145"
"146","SKU00146","Handcrafted Steel Towels","Discover the cat-like agility of our Pants, perfect for pertinent users","2","2","","1298.44","998.80","10","76","6","discontinued","BAR00000146"
"147","SKU00147","Generic Bronze Bacon","The azure Cheese combines Belize aesthetics with Copper-based durability","7","4","","756.46","581.89","14","20","25","discontinued","BAR00000147"
"148","SKU00148","Handmade Plastic Cheese","Our wolf-friendly Keyboard ensures fantastic comfort for your pets","7","4","","905.05","696.19","23","82","9","discontinued","BAR00000148"
"149","SKU00149","Sleek Plastic Tuna","Experience the plum brilliance of our Gloves, perfect for graceful environments","1","5","","1076.65","828.19","41","38","17","discontinued","BAR00000149"
"150","SKU00150","Tasty Metal Chair","The Chaz Soap is the latest in a series of steel products from Kautzer and Sons","1","1","","1054.55","811.19","34","68","23","discontinued","BAR00000150"
"151","SKU00151","Modern Concrete Pants","Featuring Chlorine-enhanced technology, our Pizza offers unparalleled specific performance","5","4","","276.24","212.49","42","53","29","discontinued","BAR00000151"
"152","SKU00152","Incredible Rubber Chair","Our sea lion-friendly Sausages ensures worldly comfort for your pets","5","3","","1194.25","918.65","20","90","22","active","BAR00000152"
"153","SKU00153","Gorgeous Metal Gloves","Discover the admired new Chicken with an exciting mix of Wooden ingredients","3","4","","272.73","209.79","5","30","18","discontinued","BAR00000153"
"154","SKU00154","Intelligent Ceramic Fish","New red Cheese with ergonomic design for prime comfort","10","2","","815.22","627.09","36","39","16","active","BAR00000154"
"155","SKU00155","Elegant Steel Pants","The Automated systematic customer loyalty Chips offers reliable performance and royal design","8","3","","1153.74","887.49","46","30","18","active","BAR00000155"
"156","SKU00156","Small Bamboo Chicken","Discover the snake-like agility of our Shirt, perfect for vengeful users","4","2","","84.75","65.19","37","44","17","active","BAR00000156"
"157","SKU00157","Electronic Marble Chips","Our shark-friendly Cheese ensures creative comfort for your pets","8","4","","1128.26","867.89","50","40","12","active","BAR00000157"
"158","SKU00158","Oriental Metal Keyboard","The sleek and showy Ball comes with salmon LED lighting for smart functionality","6","4","","370.23","284.79","14","57","22","active","BAR00000158"
"159","SKU00159","Practical Ceramic Sausages","The sleek and mature Chicken comes with purple LED lighting for smart functionality","4","3","","644.15","495.50","11","87","5","active","BAR00000159"
"160","SKU00160","Recycled Granite Bacon","Discover the rhinoceros-like agility of our Towels, perfect for simple users","4","2","","476.91","366.85","32","48","5","discontinued","BAR00000160"
"161","SKU00161","Luxurious Concrete Shoes","Stylish Ball designed to make you stand out with murky looks","1","4","","467.03","359.25","28","54","27","discontinued","BAR00000161"
"162","SKU00162","Awesome Aluminum Chair","Recycled Cheese designed with Ceramic for quiet performance","3","2","","56.42","43.40","14","69","29","discontinued","BAR00000162"
"163","SKU00163","Elegant Cotton Computer","Stylish Table designed to make you stand out with turbulent looks","7","2","","342.15","263.19","13","68","26","discontinued","BAR00000163"
"164","SKU00164","Small Steel Table","Savor the sweet essence in our Ball, designed for some culinary adventures","8","2","","413.26","317.89","19","27","14","discontinued","BAR00000164"
"165","SKU00165","Handmade Silk Gloves","The turquoise Gloves combines Bhutan aesthetics with Meitnerium-based durability","9","5","","1144.90","880.69","40","86","29","discontinued","BAR00000165"
"166","SKU00166","Generic Steel Keyboard","Savor the juicy essence in our Table, designed for outlying culinary adventures","5","3","","533.51","410.39","26","29","12","discontinued","BAR00000166"
"167","SKU00167","Small Bamboo Chicken","Stylish Hat designed to make you stand out with ordinary looks","9","4","","202.27","155.59","27","90","25","active","BAR00000167"
"168","SKU00168","Small Marble Salad","Discover the key new Tuna with an exciting mix of Bronze ingredients","4","1","","906.22","697.09","8","74","5","discontinued","BAR00000168"
"169","SKU00169","Electronic Marble Pizza","New Soap model with 43 GB RAM, 373 GB storage, and hot features","4","5","","1274.25","980.19","22","74","9","active","BAR00000169"
"170","SKU00170","Incredible Ceramic Bike","Introducing the Latvia-inspired Chips, blending ethical style with local craftsmanship","1","5","","1019.32","784.09","11","25","10","discontinued","BAR00000170"
"171","SKU00171","Handmade Plastic Car","Hickle - Rutherford's most advanced Hat technology increases perfumed capabilities","1","4","","1120.72","862.09","27","23","7","active","BAR00000171"
"172","SKU00172","Gorgeous Aluminum Cheese","Experience the magenta brilliance of our Cheese, perfect for minor environments","2","2","","1175.45","904.19","26","49","17","discontinued","BAR00000172"
"173","SKU00173","Tasty Aluminum Hat","Haley, Kessler and Tremblay's most advanced Shirt technology increases slushy capabilities","1","1","","962.85","740.65","37","79","26","discontinued","BAR00000173"
"174","SKU00174","Sleek Cotton Chair","Our delicious-inspired Ball brings a taste of luxury to your those lifestyle","9","2","","740.47","569.59","10","94","29","active","BAR00000174"
"175","SKU00175","Rustic Ceramic Keyboard","New green Bacon with ergonomic design for spiteful comfort","9","2","","485.81","373.70","48","38","9","active","BAR00000175"
"176","SKU00176","Recycled Steel Shoes","Innovative Bacon featuring showy technology and Rubber construction","7","1","","898.11","690.85","28","62","17","discontinued","BAR00000176"
"177","SKU00177","Generic Plastic Cheese","The sleek and hateful Bike comes with olive LED lighting for smart functionality","2","1","","934.30","718.69","39","70","9","active","BAR00000177"
"178","SKU00178","Fresh Silk Towels","New Towels model with 45 GB RAM, 326 GB storage, and content features","5","3","","1126.18","866.29","16","87","6","active","BAR00000178"
"179","SKU00179","Soft Steel Shoes","Stylish Soap designed to make you stand out with illustrious looks","5","4","","364.98","280.75","6","79","27","discontinued","BAR00000179"
"180","SKU00180","Practical Gold Computer","The teal Sausages combines Comoros aesthetics with Helium-based durability","1","3","","570.56","438.89","29","39","10","active","BAR00000180"
"181","SKU00181","Oriental Plastic Keyboard","New Chicken model with 62 GB RAM, 581 GB storage, and gullible features","4","3","","1043.25","802.50","34","23","22","discontinued","BAR00000181"
"182","SKU00182","Oriental Plastic Sausages","Professional-grade Shoes perfect for quiet training and recreational use","6","3","","731.58","562.75","9","33","15","discontinued","BAR00000182"
"183","SKU00183","Handmade Bamboo Gloves","Discover the horse-like agility of our Table, perfect for upright users","5","1","","1119.68","861.29","50","66","26","discontinued","BAR00000183"
"184","SKU00184","Generic Marble Pizza","Innovative Fish featuring fragrant technology and Bamboo construction","8","1","","169.58","130.45","8","32","30","active","BAR00000184"
"185","SKU00185","Luxurious Steel Car","Ergonomic Car made with Bronze for all-day empty support","1","2","","1224.46","941.89","22","28","29","discontinued","BAR00000185"
"186","SKU00186","Luxurious Silk Table","Stylish Fish designed to make you stand out with fatal looks","3","2","","715.46","550.35","42","63","12","active","BAR00000186"
"187","SKU00187","Recycled Bronze Bacon","Experience the white brilliance of our Chips, perfect for staid environments","7","5","","882.70","679.00","47","48","5","discontinued","BAR00000187"
"188","SKU00188","Luxurious Ceramic Chicken","New Towels model with 64 GB RAM, 41 GB storage, and true features","4","2","","981.96","755.35","16","69","8","discontinued","BAR00000188"
"189","SKU00189","Electronic Gold Towels","New Hat model with 59 GB RAM, 675 GB storage, and general features","2","4","","650.00","500.00","26","87","28","discontinued","BAR00000189"
"190","SKU00190","Generic Wooden Keyboard","Discover the lawful new Chicken with an exciting mix of Cotton ingredients","9","5","","564.97","434.59","28","52","3","active","BAR00000190"
"191","SKU00191","Rustic Wooden Keyboard","Ergonomic Mouse made with Granite for all-day impressive support","6","3","","1210.82","931.40","46","32","10","discontinued","BAR00000191"
"192","SKU00192","Soft Concrete Bacon","The green Pizza combines Tokelau aesthetics with Rhenium-based durability","5","5","","61.48","47.29","6","84","18","discontinued","BAR00000192"
"193","SKU00193","Fresh Cotton Bacon","The Digitized attitude-oriented instruction set Shirt offers reliable performance and chubby design","10","3","","689.13","530.10","24","50","30","discontinued","BAR00000193"
"194","SKU00194","Luxurious Marble Sausages","Discover the tattered new Pizza with an exciting mix of Steel ingredients","3","3","","1225.19","942.45","48","65","27","discontinued","BAR00000194"
"195","SKU00195","Fantastic Plastic Keyboard","The Kari Shirt is the latest in a series of these products from Klein, Miller and Padberg","3","3","","954.71","734.39","28","79","24","discontinued","BAR00000195"
"196","SKU00196","Intelligent Ceramic Hat","Featuring Selenium-enhanced technology, our Pants offers unparalleled avaricious performance","5","3","","394.23","303.25","16","25","26","active","BAR00000196"
"197","SKU00197","Bespoke Cotton Chips","The sky blue Bacon combines Brazil aesthetics with Osmium-based durability","2","3","","431.07","331.59","20","66","12","active","BAR00000197"
"198","SKU00198","Elegant Ceramic Table","The sleek and flawed Soap comes with orange LED lighting for smart functionality","6","1","","632.77","486.75","34","98","17","active","BAR00000198"
"199","SKU00199","Incredible Bronze Ball","Discover the dolphin-like agility of our Cheese, perfect for wilted users","2","2","","323.43","248.79","38","28","13","active","BAR00000199"
"200","SKU00200","Fantastic Ceramic Salad","New mint green Salad with ergonomic design for thin comfort","8","4","","1298.43","998.79","9","60","14","active","BAR00000200"
"201","SKU00201","Modern Aluminum Car","Our bitter-inspired Cheese brings a taste of luxury to your minor lifestyle","10","5","","718.19","552.45","43","23","10","active","BAR00000201"
"202","SKU00202","Elegant Metal Pants","Experience the magenta brilliance of our Fish, perfect for monumental environments","4","2","","380.50","292.69","12","89","22","active","BAR00000202"
"203","SKU00203","Fantastic Wooden Soap","Savor the savory essence in our Salad, designed for good culinary adventures","3","2","","311.08","239.29","16","61","16","active","BAR00000203"
"204","SKU00204","Recycled Granite Table","The fuchsia Mouse combines India aesthetics with Cobalt-based durability","4","3","","217.03","166.95","40","64","4","active","BAR00000204"
"205","SKU00205","Incredible Gold Car","Discover the rhinoceros-like agility of our Gloves, perfect for worst users","6","4","","950.81","731.39","27","80","8","discontinued","BAR00000205"
"206","SKU00206","Gorgeous Silk Chair","Incredible Bike designed with Concrete for unpleasant performance","7","5","","692.45","532.65","25","83","4","discontinued","BAR00000206"
"207","SKU00207","Frozen Steel Bike","Featuring Fluorine-enhanced technology, our Cheese offers unparalleled homely performance","8","1","","658.83","506.79","45","88","29","active","BAR00000207"
"208","SKU00208","Bespoke Bronze Chips","Featuring Hassium-enhanced technology, our Keyboard offers unparalleled bowed performance","2","1","","1127.30","867.15","46","38","24","discontinued","BAR00000208"
"209","SKU00209","Fresh Ceramic Bacon","The sleek and worthy Soap comes with maroon LED lighting for smart functionality","2","2","","1000.08","769.29","6","36","27","discontinued","BAR00000209"
"210","SKU00210","Licensed Metal Shoes","Our giraffe-friendly Bacon ensures secondary comfort for your pets","6","3","","265.71","204.39","19","96","5","active","BAR00000210"
"211","SKU00211","Handmade Cotton Chair","Innovative Salad featuring faint technology and Steel construction","8","5","","324.21","249.39","8","35","26","active","BAR00000211"
"212","SKU00212","Fantastic Cotton Chair","The sleek and teeming Gloves comes with black LED lighting for smart functionality","10","3","","164.78","126.75","11","64","24","discontinued","BAR00000212"
"213","SKU00213","Tasty Granite Pants","Innovative Soap featuring shoddy technology and Aluminum construction","7","2","","49.26","37.89","47","51","17","active","BAR00000213"
"214","SKU00214","Bespoke Silk Soap","Wilkinson LLC's most advanced Shoes technology increases flickering capabilities","5","2","","1081.14","831.65","47","24","30","discontinued","BAR00000214"
"215","SKU00215","Incredible Gold Bike","Featuring Lutetium-enhanced technology, our Bacon offers unparalleled purple performance","7","2","","301.99","232.30","49","26","15","discontinued","BAR00000215"
"216","SKU00216","Practical Bronze Chicken","Ergonomic Soap made with Steel for all-day outstanding support","9","2","","1090.04","838.49","6","98","30","discontinued","BAR00000216"
"217","SKU00217","Handcrafted Ceramic Shirt","New plum Cheese with ergonomic design for puny comfort","6","3","","296.65","228.19","25","33","24","discontinued","BAR00000217"
"218","SKU00218","Licensed Rubber Mouse","Soft Sausages designed with Rubber for staid performance","6","1","","797.03","613.10","36","69","18","active","BAR00000218"
"219","SKU00219","Licensed Cotton Ball","Our juicy-inspired Bike brings a taste of luxury to your sorrowful lifestyle","6","3","","127.13","97.79","23","28","16","active","BAR00000219"
"220","SKU00220","Licensed Ceramic Pants","Professional-grade Towels perfect for defenseless training and recreational use","3","4","","348.26","267.89","39","42","8","discontinued","BAR00000220"
"221","SKU00221","Refined Rubber Gloves","Experience the black brilliance of our Chair, perfect for flimsy environments","5","2","","946.14","727.80","24","38","14","active","BAR00000221"
"222","SKU00222","Tasty Cotton Bacon","Discover the helpless new Cheese with an exciting mix of Concrete ingredients","9","5","","38.86","29.89","14","56","7","active","BAR00000222"
"223","SKU00223","Rustic Steel Car","Featuring Tellurium-enhanced technology, our Shoes offers unparalleled greedy performance","3","2","","589.76","453.66","44","28","28","active","BAR00000223"
"224","SKU00224","Rustic Gold Chicken","Discover the robust new Chair with an exciting mix of Plastic ingredients","9","1","","403.07","310.05","7","83","18","active","BAR00000224"
"225","SKU00225","Sleek Rubber Keyboard","Featuring Rubidium-enhanced technology, our Salad offers unparalleled frail performance","4","5","","1293.62","995.09","21","97","5","discontinued","BAR00000225"
"226","SKU00226","Gorgeous Granite Fish","Introducing the Armenia-inspired Chair, blending enraged style with local craftsmanship","9","3","","936.12","720.09","39","70","24","active","BAR00000226"
"227","SKU00227","Bespoke Cotton Soap","Discover the creamy new Shirt with an exciting mix of Rubber ingredients","8","4","","985.79","758.30","25","65","15","active","BAR00000227"
"228","SKU00228","Handmade Bamboo Chips","Discover the optimistic new Towels with an exciting mix of Plastic ingredients","5","1","","25.60","19.69","9","47","27","active","BAR00000228"
"229","SKU00229","Fresh Rubber Bike","Stylish Bacon designed to make you stand out with french looks","1","5","","162.62","125.09","17","66","26","active","BAR00000229"
"230","SKU00230","Frozen Wooden Hat","Ergonomic Car made with Marble for all-day wilted support","4","5","","945.69","727.45","13","65","14","discontinued","BAR00000230"
"231","SKU00231","Awesome Plastic Mouse","Featuring Neptunium-enhanced technology, our Pants offers unparalleled assured performance","10","1","","1276.73","982.10","33","95","26","active","BAR00000231"
"232","SKU00232","Bespoke Cotton Tuna","New Pants model with 44 GB RAM, 60 GB storage, and cheerful features","3","5","","406.77","312.90","45","28","3","active","BAR00000232"
"233","SKU00233","Handcrafted Silk Mouse","Stylish Mouse designed to make you stand out with dependent looks","1","2","","28.67","22.05","9","92","3","discontinued","BAR00000233"
"234","SKU00234","Sleek Gold Shirt","Our moist-inspired Bike brings a taste of luxury to your blue lifestyle","2","4","","825.49","634.99","10","97","29","discontinued","BAR00000234"
"235","SKU00235","Ergonomic Plastic Keyboard","MacGyver LLC's most advanced Computer technology increases basic capabilities","1","1","","299.38","230.29","10","91","26","discontinued","BAR00000235"
"236","SKU00236","Refined Bronze Mouse","Turcotte - Welch's most advanced Tuna technology increases noteworthy capabilities","10","2","","625.69","481.30","40","26","9","discontinued","BAR00000236"
"237","SKU00237","Awesome Cotton Towels","The salmon Shirt combines United Arab Emirates aesthetics with Nobelium-based durability","5","5","","315.76","242.89","22","64","18","discontinued","BAR00000237"
"238","SKU00238","Handmade Bronze Gloves","Stylish Hat designed to make you stand out with candid looks","10","5","","984.74","757.49","43","34","4","discontinued","BAR00000238"
"239","SKU00239","Awesome Wooden Chicken","Luettgen - Ferry's most advanced Bike technology increases wealthy capabilities","6","3","","773.49","594.99","46","66","23","active","BAR00000239"
"240","SKU00240","Electronic Gold Car","Hills, Fay and Schowalter's most advanced Tuna technology increases plain capabilities","10","5","","540.40","415.69","7","71","18","active","BAR00000240"
"241","SKU00241","Handcrafted Metal Towels","Discover the frilly new Pants with an exciting mix of Wooden ingredients","7","2","","637.64","490.49","8","90","26","discontinued","BAR00000241"
"242","SKU00242","Fresh Ceramic Computer","Tasty Bacon designed with Cotton for gullible performance","7","2","","908.95","699.19","47","42","9","discontinued","BAR00000242"
"243","SKU00243","Generic Aluminum Bacon","Savor the fluffy essence in our Sausages, designed for prudent culinary adventures","8","1","","603.06","463.89","41","92","20","discontinued","BAR00000243"
"244","SKU00244","Refined Aluminum Tuna","Featuring Platinum-enhanced technology, our Soap offers unparalleled critical performance","2","2","","29.76","22.89","40","31","27","active","BAR00000244"
"245","SKU00245","Gorgeous Gold Pizza","Featuring Helium-enhanced technology, our Fish offers unparalleled frightened performance","4","1","","743.59","571.99","35","32","23","active","BAR00000245"
"246","SKU00246","Sleek Rubber Pizza","Introducing the Zambia-inspired Computer, blending utter style with local craftsmanship","4","2","","150.34","115.65","38","50","15","active","BAR00000246"
"247","SKU00247","Licensed Metal Sausages","Turcotte - D'Amore's most advanced Cheese technology increases unwilling capabilities","1","1","","260.86","200.66","30","90","29","discontinued","BAR00000247"
"248","SKU00248","Awesome Plastic Soap","Innovative Table featuring insistent technology and Ceramic construction","6","4","","214.18","164.75","27","20","14","active","BAR00000248"
"249","SKU00249","Frozen Bronze Computer","Our polar bear-friendly Fish ensures reasonable comfort for your pets","8","1","","885.55","681.19","47","31","7","active","BAR00000249"
"250","SKU00250","Soft Cotton Bacon","The Jacky Table is the latest in a series of these products from Prosacco LLC","8","3","","282.53","217.33","46","28","26","active","BAR00000250"
"251","SKU00251","Handcrafted Bronze Chicken","Discover the stained new Chips with an exciting mix of Silk ingredients","3","3","","1122.80","863.69","10","55","18","discontinued","BAR00000251"
"252","SKU00252","Incredible Granite Tuna","Professional-grade Soap perfect for negligible training and recreational use","10","1","","475.01","365.39","22","83","12","discontinued","BAR00000252"
"253","SKU00253","Modern Cotton Gloves","New Table model with 79 GB RAM, 577 GB storage, and grumpy features","10","2","","784.54","603.49","6","56","20","discontinued","BAR00000253"
"254","SKU00254","Awesome Aluminum Tuna","Introducing the Togo-inspired Bike, blending unwilling style with local craftsmanship","7","5","","432.71","332.85","14","29","9","discontinued","BAR00000254"
"255","SKU00255","Awesome Cotton Cheese","The Visionary sustainable strategy Cheese offers reliable performance and thrifty design","9","3","","800.92","616.09","37","46","27","active","BAR00000255"
"256","SKU00256","Refined Plastic Car","Ergonomic Chicken made with Steel for all-day early support","1","3","","531.95","409.19","41","66","10","discontinued","BAR00000256"
"257","SKU00257","Generic Aluminum Bike","New yellow Chair with ergonomic design for wobbly comfort","5","2","","261.29","200.99","50","97","8","active","BAR00000257"
"258","SKU00258","Modern Metal Salad","The Lillie Shirt is the latest in a series of pointed products from Kutch-Ritchie Group","4","2","","835.24","642.49","18","82","4","active","BAR00000258"
"259","SKU00259","Intelligent Steel Computer","Our elephant-friendly Gloves ensures grim comfort for your pets","8","3","","1174.41","903.39","41","66","18","discontinued","BAR00000259"
"260","SKU00260","Bespoke Metal Fish","The indigo Shirt combines Peru aesthetics with Uranium-based durability","9","3","","477.22","367.09","16","54","9","active","BAR00000260"
"261","SKU00261","Sleek Wooden Hat","The silver Keyboard combines Sweden aesthetics with Actinium-based durability","9","3","","484.24","372.49","17","89","4","discontinued","BAR00000261"
"262","SKU00262","Rustic Cotton Tuna","Our golden-inspired Keyboard brings a taste of luxury to your quintessential lifestyle","8","5","","1207.56","928.89","31","55","28","discontinued","BAR00000262"
"263","SKU00263","Incredible Ceramic Cheese","Featuring Lead-enhanced technology, our Bacon offers unparalleled passionate performance","6","1","","378.69","291.30","7","70","25","active","BAR00000263"
"264","SKU00264","Elegant Cotton Soap","Our sour-inspired Gloves brings a taste of luxury to your ragged lifestyle","4","1","","1295.96","996.89","17","51","21","active","BAR00000264"
"265","SKU00265","Awesome Rubber Keyboard","Soft Keyboard designed with Silk for utter performance","5","4","","285.08","219.29","9","37","15","active","BAR00000265"
"266","SKU00266","Refined Aluminum Shirt","New Chips model with 13 GB RAM, 542 GB storage, and early features","3","1","","1017.89","782.99","33","25","29","active","BAR00000266"
"267","SKU00267","Fantastic Marble Gloves","The Profound scalable paradigm Soap offers reliable performance and mature design","1","5","","635.56","488.89","31","71","9","discontinued","BAR00000267"
"268","SKU00268","Elegant Concrete Pants","New Keyboard model with 59 GB RAM, 874 GB storage, and profitable features","1","4","","160.67","123.59","13","58","17","discontinued","BAR00000268"
"269","SKU00269","Ergonomic Aluminum Chicken","Ergonomic Shirt made with Silk for all-day flustered support","2","2","","424.83","326.79","27","28","6","discontinued","BAR00000269"
"270","SKU00270","Fresh Concrete Mouse","Professional-grade Hat perfect for thick training and recreational use","10","3","","137.27","105.59","17","34","25","active","BAR00000270"
"271","SKU00271","Recycled Aluminum Bike","The sleek and reasonable Gloves comes with pink LED lighting for smart functionality","7","5","","574.98","442.29","8","65","22","active","BAR00000271"
"272","SKU00272","Generic Gold Shirt","Ergonomic Chips made with Ceramic for all-day favorable support","1","1","","690.81","531.39","12","73","18","active","BAR00000272"
"273","SKU00273","Soft Cotton Hat","The orchid Fish combines British Indian Ocean Territory (Chagos Archipelago) aesthetics with Livermorium-based durability","7","2","","350.81","269.85","41","55","16","discontinued","BAR00000273"
"274","SKU00274","Modern Granite Ball","Savor the juicy essence in our Chips, designed for probable culinary adventures","5","1","","411.83","316.79","27","81","3","active","BAR00000274"
"275","SKU00275","Elegant Cotton Shirt","The sleek and major Gloves comes with azure LED lighting for smart functionality","7","3","","300.68","231.29","43","76","30","active","BAR00000275"
"276","SKU00276","Recycled Bamboo Mouse","The Jay Sausages is the latest in a series of black-and-white products from Abshire - Little","6","2","","981.10","754.69","5","62","26","discontinued","BAR00000276"
"277","SKU00277","Licensed Cotton Ball","New pink Computer with ergonomic design for sparkling comfort","4","1","","977.07","751.59","6","91","6","active","BAR00000277"
"278","SKU00278","Licensed Concrete Pants","Our parrot-friendly Computer ensures ample comfort for your pets","10","4","","151.57","116.59","46","91","15","discontinued","BAR00000278"
"279","SKU00279","Ergonomic Silk Keyboard","Savor the delicious essence in our Fish, designed for trim culinary adventures","9","4","","1231.75","947.50","24","85","7","discontinued","BAR00000279"
"280","SKU00280","Practical Silk Soap","The maroon Salad combines Saudi Arabia aesthetics with Gallium-based durability","4","1","","1119.50","861.15","33","62","17","discontinued","BAR00000280"
"281","SKU00281","Generic Concrete Pizza","New olive Bacon with ergonomic design for defenseless comfort","6","3","","658.57","506.59","20","37","27","active","BAR00000281"
"282","SKU00282","Bespoke Plastic Bike","Stylish Table designed to make you stand out with crazy looks","7","2","","942.50","725.00","25","95","21","active","BAR00000282"
"283","SKU00283","Fresh Concrete Pizza","Our fresh-inspired Tuna brings a taste of luxury to your grown lifestyle","10","4","","376.42","289.55","5","80","28","active","BAR00000283"
"284","SKU00284","Small Cotton Chips","Ergonomic Bacon made with Ceramic for all-day free support","4","5","","827.55","636.58","16","53","29","discontinued","BAR00000284"
"285","SKU00285","Unbranded Metal Shoes","Savor the delicious essence in our Soap, designed for well-worn culinary adventures","7","2","","1094.92","842.25","19","86","21","discontinued","BAR00000285"
"286","SKU00286","Soft Silk Gloves","Experience the turquoise brilliance of our Shirt, perfect for firm environments","9","4","","1287.64","990.49","20","24","23","active","BAR00000286"
"287","SKU00287","Elegant Cotton Car","The Suzanne Mouse is the latest in a series of spotless products from Kassulke and Sons","6","5","","218.26","167.89","25","76","4","discontinued","BAR00000287"
"288","SKU00288","Sleek Silk Towels","Goyette, Schroeder and McKenzie's most advanced Salad technology increases surprised capabilities","8","5","","252.78","194.45","8","36","21","discontinued","BAR00000288"
"289","SKU00289","Refined Metal Shoes","The Daren Sausages is the latest in a series of grown products from Wehner, Watsica and Blick","9","3","","459.09","353.15","18","21","10","discontinued","BAR00000289"
"290","SKU00290","Intelligent Silk Fish","Towne, Lind and Fisher's most advanced Soap technology increases moral capabilities","8","1","","1207.83","929.10","25","99","19","discontinued","BAR00000290"
"291","SKU00291","Fantastic Bamboo Gloves","Ergonomic Soap made with Steel for all-day posh support","4","2","","113.89","87.61","41","54","16","discontinued","BAR00000291"
"292","SKU00292","Fantastic Aluminum Gloves","Hane, Denesik and Crona's most advanced Bike technology increases genuine capabilities","8","4","","1008.14","775.49","35","95","11","discontinued","BAR00000292"
"293","SKU00293","Unbranded Cotton Chicken","The black Bike combines Dominican Republic aesthetics with Chlorine-based durability","10","4","","233.09","179.30","12","27","9","discontinued","BAR00000293"
"294","SKU00294","Intelligent Ceramic Computer","Introducing the Puerto Rico-inspired Gloves, blending acclaimed style with local craftsmanship","3","2","","880.75","677.50","44","26","30","discontinued","BAR00000294"
"295","SKU00295","Soft Rubber Shirt","Professional-grade Mouse perfect for accomplished training and recreational use","6","5","","737.29","567.15","7","37","22","active","BAR00000295"
"296","SKU00296","Elegant Steel Fish","The sleek and whispered Keyboard comes with lime LED lighting for smart functionality","10","4","","912.08","701.60","46","94","10","active","BAR00000296"
"297","SKU00297","Elegant Rubber Mouse","Professional-grade Sausages perfect for failing training and recreational use","8","5","","194.61","149.70","6","64","5","active","BAR00000297"
"298","SKU00298","Bespoke Wooden Soap","Our snake-friendly Shirt ensures creative comfort for your pets","6","1","","1095.82","842.94","37","42","3","active","BAR00000298"
"299","SKU00299","Handcrafted Wooden Shirt","Our bitter-inspired Table brings a taste of luxury to your hairy lifestyle","8","2","","80.41","61.85","28","92","15","active","BAR00000299"
"300","SKU00300","Fresh Concrete Table","The grey Bike combines Algeria aesthetics with Samarium-based durability","7","4","","236.07","181.59","37","71","6","discontinued","BAR00000300"
"301","SKU00301","Practical Granite Fish","The Public-key interactive strategy Bike offers reliable performance and foolish design","7","3","","660.60","508.15","42","88","24","discontinued","BAR00000301"
"302","SKU00302","Bespoke Concrete Towels","McClure Inc's most advanced Chicken technology increases narrow capabilities","10","3","","90.08","69.29","49","32","12","active","BAR00000302"
"303","SKU00303","Generic Aluminum Fish","New maroon Pants with ergonomic design for defensive comfort","7","2","","117.13","90.10","36","36","25","discontinued","BAR00000303"
"304","SKU00304","Tasty Metal Ball","Our turtle-friendly Shoes ensures unrealistic comfort for your pets","7","4","","292.18","224.75","29","78","8","active","BAR00000304"
"305","SKU00305","Modern Metal Hat","Our salty-inspired Fish brings a taste of luxury to your svelte lifestyle","8","3","","311.21","239.39","42","56","9","active","BAR00000305"
"306","SKU00306","Ergonomic Aluminum Fish","Recycled Computer designed with Concrete for ultimate performance","1","5","","600.72","462.09","35","56","23","discontinued","BAR00000306"
"307","SKU00307","Frozen Steel Pants","New white Fish with ergonomic design for menacing comfort","10","4","","386.35","297.19","34","44","4","active","BAR00000307"
"308","SKU00308","Generic Cotton Ball","Discover the tiger-like agility of our Soap, perfect for unused users","7","5","","316.03","243.10","36","88","25","active","BAR00000308"
"309","SKU00309","Practical Bronze Sausages","Larson and Sons's most advanced Pants technology increases nifty capabilities","8","2","","607.82","467.55","14","89","25","active","BAR00000309"
"310","SKU00310","Tasty Cotton Bacon","Stylish Chicken designed to make you stand out with athletic looks","2","2","","1200.88","923.75","11","93","25","discontinued","BAR00000310"
"311","SKU00311","Awesome Bronze Hat","New Keyboard model with 75 GB RAM, 411 GB storage, and elliptical features","10","5","","428.08","329.29","29","55","21","discontinued","BAR00000311"
"312","SKU00312","Handcrafted Aluminum Towels","Discover the sea lion-like agility of our Car, perfect for well-off users","9","1","","738.08","567.75","47","89","21","active","BAR00000312"
"313","SKU00313","Ergonomic Concrete Soap","Innovative Salad featuring sociable technology and Cotton construction","8","2","","362.73","279.02","26","50","3","active","BAR00000313"
"314","SKU00314","Elegant Marble Keyboard","Stylish Towels designed to make you stand out with mushy looks","7","3","","911.85","701.42","28","54","7","discontinued","BAR00000314"
"315","SKU00315","Recycled Aluminum Car","The Reduced zero tolerance conglomeration Pants offers reliable performance and immense design","5","3","","1024.26","787.89","14","21","10","active","BAR00000315"
"316","SKU00316","Elegant Steel Towels","The sleek and crazy Pants comes with sky blue LED lighting for smart functionality","6","3","","1207.22","928.63","10","70","5","active","BAR00000316"
"317","SKU00317","Electronic Steel Cheese","Bednar - Larkin's most advanced Soap technology increases plump capabilities","5","3","","837.33","644.10","16","76","18","discontinued","BAR00000317"
"318","SKU00318","Bespoke Aluminum Hat","Handmade Tuna designed with Aluminum for honorable performance","2","2","","1071.85","824.50","38","50","25","discontinued","BAR00000318"
"319","SKU00319","Awesome Marble Tuna","Introducing the Lao People's Democratic Republic-inspired Gloves, blending miserable style with local craftsmanship","3","3","","1220.17","938.59","14","37","28","active","BAR00000319"
"320","SKU00320","Soft Gold Ball","New Cheese model with 64 GB RAM, 671 GB storage, and sour features","9","4","","338.12","260.09","5","43","3","discontinued","BAR00000320"
"321","SKU00321","Soft Silk Chicken","Featuring Caesium-enhanced technology, our Mouse offers unparalleled distorted performance","4","1","","940.10","723.15","16","62","8","discontinued","BAR00000321"
"322","SKU00322","Elegant Granite Salad","Upton, Mayer and Muller's most advanced Hat technology increases classic capabilities","4","3","","645.38","496.45","26","58","19","discontinued","BAR00000322"
"323","SKU00323","Elegant Bronze Bacon","Discover the tiger-like agility of our Pizza, perfect for upright users","4","2","","417.31","321.01","29","100","12","active","BAR00000323"
"324","SKU00324","Luxurious Marble Chicken","Introducing the Ecuador-inspired Shirt, blending superior style with local craftsmanship","9","3","","302.19","232.45","31","88","8","active","BAR00000324"
"325","SKU00325","Recycled Granite Fish","Professional-grade Towels perfect for orderly training and recreational use","4","2","","577.58","444.29","32","75","26","active","BAR00000325"
"326","SKU00326","Electronic Bamboo Mouse","Featuring Lawrencium-enhanced technology, our Soap offers unparalleled mushy performance","6","2","","71.83","55.25","6","74","17","discontinued","BAR00000326"
"327","SKU00327","Bespoke Ceramic Keyboard","New Sausages model with 26 GB RAM, 59 GB storage, and distant features","2","4","","1213.23","933.25","26","72","30","active","BAR00000327"
"328","SKU00328","Licensed Wooden Chips","The Versatile bifurcated definition Chicken offers reliable performance and extra-large design","3","3","","18.55","14.27","20","84","26","discontinued","BAR00000328"
"329","SKU00329","Recycled Plastic Keyboard","Innovative Chips featuring lonely technology and Rubber construction","3","4","","447.32","344.09","45","49","17","discontinued","BAR00000329"
"330","SKU00330","Awesome Gold Bacon","The Ursula Pants is the latest in a series of motionless products from Robel Group","5","2","","23.47","18.05","20","60","29","active","BAR00000330"
"331","SKU00331","Rustic Rubber Pants","Innovative Tuna featuring brown technology and Gold construction","4","5","","377.98","290.75","24","21","8","active","BAR00000331"
"332","SKU00332","Unbranded Marble Pants","Discover the reflecting new Ball with an exciting mix of Concrete ingredients","4","5","","486.27","374.05","19","59","7","active","BAR00000332"
"333","SKU00333","Small Bamboo Towels","Professional-grade Bike perfect for humble training and recreational use","6","2","","626.14","481.65","7","61","11","discontinued","BAR00000333"
"334","SKU00334","Ergonomic Cotton Chicken","Stylish Computer designed to make you stand out with watery looks","4","1","","911.42","701.09","7","95","20","active","BAR00000334"
"335","SKU00335","Handcrafted Gold Towels","Wyman - Murphy's most advanced Pizza technology increases murky capabilities","3","1","","1063.52","818.09","28","92","14","discontinued","BAR00000335"
"336","SKU00336","Ergonomic Gold Cheese","Our tender-inspired Ball brings a taste of luxury to your flickering lifestyle","4","2","","675.16","519.35","19","79","12","discontinued","BAR00000336"
"337","SKU00337","Fantastic Concrete Pants","Experience the black brilliance of our Bike, perfect for shrill environments","9","5","","688.41","529.55","5","83","18","active","BAR00000337"
"338","SKU00338","Ergonomic Bamboo Bike","Our tender-inspired Keyboard brings a taste of luxury to your easy lifestyle","2","4","","298.60","229.69","29","35","13","active","BAR00000338"
"339","SKU00339","Sleek Bronze Chicken","Discover the horse-like agility of our Table, perfect for infinite users","6","1","","279.44","214.95","12","50","29","discontinued","BAR00000339"
"340","SKU00340","Generic Cotton Table","Professional-grade Shoes perfect for extra-large training and recreational use","9","4","","683.27","525.59","36","35","24","active","BAR00000340"
"341","SKU00341","Luxurious Granite Tuna","Our crunchy-inspired Chair brings a taste of luxury to your some lifestyle","1","4","","484.76","372.89","36","32","30","discontinued","BAR00000341"
"342","SKU00342","Frozen Ceramic Chicken","The Kathlyn Shirt is the latest in a series of well-made products from Muller LLC","4","2","","678.98","522.29","13","43","19","discontinued","BAR00000342"
"343","SKU00343","Refined Granite Sausages","New white Sausages with ergonomic design for wide comfort","3","4","","289.37","222.59","35","99","6","active","BAR00000343"
"344","SKU00344","Elegant Rubber Shirt","Our bat-friendly Soap ensures roasted comfort for your pets","2","3","","1125.35","865.65","42","72","11","active","BAR00000344"
"345","SKU00345","Handmade Metal Salad","Ergonomic Table made with Ceramic for all-day sneaky support","8","4","","111.88","86.06","8","74","5","discontinued","BAR00000345"
"346","SKU00346","Oriental Granite Table","New Mouse model with 29 GB RAM, 383 GB storage, and general features","9","1","","85.27","65.59","28","34","29","active","BAR00000346"
"347","SKU00347","Recycled Concrete Cheese","Experience the indigo brilliance of our Gloves, perfect for glorious environments","5","2","","343.32","264.09","30","75","15","active","BAR00000347"
"348","SKU00348","Rustic Cotton Gloves","Ferry - Roob's most advanced Soap technology increases courteous capabilities","5","2","","1231.48","947.29","33","77","7","discontinued","BAR00000348"
"349","SKU00349","Awesome Aluminum Sausages","Discover the eagle-like agility of our Chair, perfect for devoted users","3","2","","889.26","684.05","23","62","6","active","BAR00000349"
"350","SKU00350","Fantastic Aluminum Computer","Discover the blue new Towels with an exciting mix of Aluminum ingredients","1","2","","956.27","735.59","12","31","7","active","BAR00000350"
"351","SKU00351","Electronic Concrete Chicken","Discover the evil new Chicken with an exciting mix of Marble ingredients","5","1","","626.67","482.05","34","72","15","discontinued","BAR00000351"
"352","SKU00352","Electronic Bronze Car","The fuchsia Car combines Burundi aesthetics with Germanium-based durability","1","1","","77.73","59.79","19","39","18","active","BAR00000352"
"353","SKU00353","Frozen Wooden Ball","Discover the squirrel-like agility of our Hat, perfect for tender users","4","3","","203.70","156.69","18","35","30","active","BAR00000353"
"354","SKU00354","Oriental Concrete Cheese","Discover the dog-like agility of our Gloves, perfect for courteous users","1","1","","1207.17","928.59","28","63","8","discontinued","BAR00000354"
"355","SKU00355","Licensed Gold Chair","Discover the neighboring new Chicken with an exciting mix of Plastic ingredients","9","1","","905.05","696.19","31","66","29","active","BAR00000355"
"356","SKU00356","Luxurious Plastic Towels","Stylish Gloves designed to make you stand out with unsung looks","5","2","","542.48","417.29","45","82","16","discontinued","BAR00000356"
"357","SKU00357","Frozen Aluminum Pizza","New Mouse model with 77 GB RAM, 938 GB storage, and cheerful features","7","2","","13.51","10.39","26","37","14","active","BAR00000357"
"358","SKU00358","Ergonomic Ceramic Computer","The Miranda Pizza is the latest in a series of nippy products from Wyman - Dooley","9","5","","252.19","193.99","34","39","28","active","BAR00000358"
"359","SKU00359","Ergonomic Rubber Chips","Professional-grade Car perfect for swift training and recreational use","7","2","","776.95","597.65","30","43","20","active","BAR00000359"
"360","SKU00360","Elegant Granite Shoes","The sleek and weary Bike comes with sky blue LED lighting for smart functionality","8","2","","64.81","49.85","7","29","21","active","BAR00000360"
"361","SKU00361","Fantastic Aluminum Soap","Discover the koala-like agility of our Fish, perfect for sneaky users","9","2","","1163.89","895.30","18","34","10","active","BAR00000361"
"362","SKU00362","Fantastic Bamboo Gloves","The grey Computer combines Grenada aesthetics with Nitrogen-based durability","6","3","","1043.37","802.59","10","58","9","active","BAR00000362"
"363","SKU00363","Tasty Plastic Bacon","New Car model with 38 GB RAM, 967 GB storage, and crushing features","5","3","","537.93","413.79","27","21","17","active","BAR00000363"
"364","SKU00364","Fantastic Ceramic Salad","Professional-grade Computer perfect for vast training and recreational use","9","3","","309.39","237.99","20","72","9","discontinued","BAR00000364"
"365","SKU00365","Generic Concrete Ball","Professional-grade Cheese perfect for gorgeous training and recreational use","6","5","","1156.71","889.78","43","28","3","discontinued","BAR00000365"
"366","SKU00366","Gorgeous Metal Shirt","The Prudence Towels is the latest in a series of best products from Orn LLC","8","5","","155.34","119.49","25","20","25","active","BAR00000366"
"367","SKU00367","Incredible Steel Chicken","The red Chicken combines Guatemala aesthetics with Yttrium-based durability","6","4","","253.44","194.95","34","24","14","discontinued","BAR00000367"
"368","SKU00368","Modern Bamboo Shirt","Introducing the Eswatini-inspired Chips, blending showy style with local craftsmanship","7","2","","1133.59","871.99","40","29","30","discontinued","BAR00000368"
"369","SKU00369","Rustic Cotton Car","King - Bahringer's most advanced Salad technology increases made-up capabilities","7","3","","602.07","463.13","33","32","22","active","BAR00000369"
"370","SKU00370","Licensed Metal Gloves","Discover the hippopotamus-like agility of our Pants, perfect for flimsy users","6","3","","1086.27","835.59","5","60","21","discontinued","BAR00000370"
"371","SKU00371","Fresh Bronze Shirt","Ergonomic Table made with Granite for all-day ultimate support","2","4","","959.00","737.69","11","86","27","discontinued","BAR00000371"
"372","SKU00372","Oriental Rubber Computer","Pollich - Green's most advanced Bacon technology increases far-flung capabilities","8","2","","1226.93","943.79","46","48","9","discontinued","BAR00000372"
"373","SKU00373","Unbranded Concrete Shoes","Stylish Fish designed to make you stand out with celebrated looks","7","1","","277.72","213.63","8","72","27","active","BAR00000373"
"374","SKU00374","Awesome Ceramic Pizza","Professional-grade Mouse perfect for smug training and recreational use","10","5","","613.41","471.85","14","78","29","discontinued","BAR00000374"
"375","SKU00375","Refined Marble Pants","Introducing the Slovenia-inspired Cheese, blending roasted style with local craftsmanship","4","4","","1230.51","946.55","46","84","4","discontinued","BAR00000375"
"376","SKU00376","Refined Gold Bike","The lime Bike combines North Macedonia aesthetics with Zinc-based durability","5","1","","1289.40","991.85","10","37","26","discontinued","BAR00000376"
"377","SKU00377","Tasty Concrete Chicken","Savor the smoky essence in our Table, designed for faraway culinary adventures","6","2","","459.75","353.65","13","30","16","active","BAR00000377"
"378","SKU00378","Intelligent Bamboo Chair","Lang and Sons's most advanced Towels technology increases frozen capabilities","6","1","","448.44","344.95","46","82","3","active","BAR00000378"
"379","SKU00379","Rustic Granite Pants","Savor the golden essence in our Shirt, designed for lost culinary adventures","6","2","","622.30","478.69","32","57","25","discontinued","BAR00000379"
"380","SKU00380","Electronic Concrete Pants","The Organic cloud-native implementation Hat offers reliable performance and utter design","9","2","","862.41","663.39","23","46","11","discontinued","BAR00000380"
"381","SKU00381","Intelligent Bamboo Sausages","Professional-grade Pants perfect for black training and recreational use","6","4","","339.82","261.40","43","66","5","active","BAR00000381"
"382","SKU00382","Oriental Steel Hat","Licensed Hat designed with Cotton for complicated performance","2","2","","736.71","566.70","18","75","29","active","BAR00000382"
"383","SKU00383","Intelligent Bamboo Chicken","Our bee-friendly Chips ensures golden comfort for your pets","10","1","","725.73","558.25","22","98","10","active","BAR00000383"
"384","SKU00384","Fresh Concrete Soap","Experience the black brilliance of our Shirt, perfect for boring environments","3","1","","1013.21","779.39","34","60","27","discontinued","BAR00000384"
"385","SKU00385","Handcrafted Metal Mouse","Stylish Bike designed to make you stand out with angelic looks","1","3","","573.43","441.10","35","39","25","active","BAR00000385"
"386","SKU00386","Incredible Steel Tuna","Featuring Flerovium-enhanced technology, our Soap offers unparalleled esteemed performance","5","4","","769.73","592.10","34","37","28","active","BAR00000386"
"387","SKU00387","Small Granite Gloves","New Ball model with 73 GB RAM, 117 GB storage, and square features","4","2","","745.95","573.81","27","33","6","active","BAR00000387"
"388","SKU00388","Gorgeous Plastic Pizza","New Mouse model with 95 GB RAM, 829 GB storage, and defenseless features","7","2","","332.08","255.45","8","36","28","active","BAR00000388"
"389","SKU00389","Incredible Cotton Bike","Professional-grade Pizza perfect for focused training and recreational use","6","1","","628.00","483.08","37","47","3","discontinued","BAR00000389"
"390","SKU00390","Soft Marble Salad","Professional-grade Chicken perfect for edible training and recreational use","10","4","","1149.45","884.19","44","34","22","active","BAR00000390"
"391","SKU00391","Ergonomic Plastic Ball","Stylish Chips designed to make you stand out with mild looks","1","4","","829.46","638.05","46","34","5","discontinued","BAR00000391"
"392","SKU00392","Frozen Bronze Computer","Ergonomic Pizza made with Plastic for all-day miserly support","2","2","","392.72","302.09","38","96","30","discontinued","BAR00000392"
"393","SKU00393","Luxurious Cotton Mouse","The Stand-alone reciprocal alliance Chair offers reliable performance and aggravating design","4","1","","837.97","644.59","12","53","23","discontinued","BAR00000393"
"394","SKU00394","Practical Granite Sausages","Discover the needy new Chicken with an exciting mix of Bamboo ingredients","1","1","","354.06","272.35","8","43","7","active","BAR00000394"
"395","SKU00395","Gorgeous Plastic Chair","Wilkinson Inc's most advanced Gloves technology increases milky capabilities","9","3","","1282.96","986.89","37","36","30","discontinued","BAR00000395"
"396","SKU00396","Generic Aluminum Car","Muller Group's most advanced Tuna technology increases well-documented capabilities","2","3","","1187.28","913.29","7","45","25","active","BAR00000396"
"397","SKU00397","Fantastic Aluminum Table","Our wolf-friendly Pants ensures frizzy comfort for your pets","1","2","","634.08","487.75","18","73","6","active","BAR00000397"
"398","SKU00398","Bespoke Plastic Hat","Our hamster-friendly Chips ensures finished comfort for your pets","7","2","","730.43","561.87","46","30","21","active","BAR00000398"
"399","SKU00399","Electronic Gold Ball","The sleek and authorized Car comes with magenta LED lighting for smart functionality","2","2","","943.67","725.90","18","74","25","active","BAR00000399"
"400","SKU00400","Handmade Ceramic Table","The Synchronised maximized encoding Chair offers reliable performance and complete design","10","3","","1128.01","867.70","46","23","15","discontinued","BAR00000400"
"401","SKU00401","Unbranded Cotton Towels","Featuring Dysprosium-enhanced technology, our Shirt offers unparalleled fruitful performance","8","3","","1089.78","838.29","19","46","3","active","BAR00000401"
"402","SKU00402","Awesome Marble Shirt","The Tony Towels is the latest in a series of trusting products from Corkery Inc","5","2","","361.91","278.39","13","92","27","discontinued","BAR00000402"
"403","SKU00403","Recycled Metal Computer","Ergonomic Car made with Bamboo for all-day tempting support","3","5","","605.79","465.99","34","100","23","discontinued","BAR00000403"
"404","SKU00404","Fresh Gold Chips","Experience the olive brilliance of our Pizza, perfect for calculating environments","8","3","","895.64","688.95","47","82","10","active","BAR00000404"
"405","SKU00405","Small Plastic Towels","Savor the sweet essence in our Cheese, designed for fatherly culinary adventures","4","5","","84.76","65.20","14","26","9","discontinued","BAR00000405"
"406","SKU00406","Modern Concrete Computer","Ergonomic Table made with Bamboo for all-day firsthand support","2","4","","236.33","181.79","14","96","16","active","BAR00000406"
"407","SKU00407","Ergonomic Ceramic Pants","Professional-grade Ball perfect for ugly training and recreational use","6","4","","58.44","44.95","32","59","13","active","BAR00000407"
"408","SKU00408","Small Silk Ball","Our tangy-inspired Shoes brings a taste of luxury to your obvious lifestyle","9","3","","504.86","388.35","19","98","3","active","BAR00000408"
"409","SKU00409","Ergonomic Wooden Shirt","Our dog-friendly Keyboard ensures impeccable comfort for your pets","1","3","","1074.32","826.40","46","56","19","active","BAR00000409"
"410","SKU00410","Tasty Plastic Pizza","Refined Towels designed with Bronze for breakable performance","8","5","","828.23","637.10","29","57","11","discontinued","BAR00000410"
"411","SKU00411","Soft Silk Table","New Mouse model with 22 GB RAM, 571 GB storage, and fat features","5","2","","48.22","37.09","31","37","28","active","BAR00000411"
"412","SKU00412","Handmade Gold Hat","Spinka - Wilderman's most advanced Computer technology increases unimportant capabilities","9","1","","1184.81","911.39","25","96","19","active","BAR00000412"
"413","SKU00413","Incredible Marble Car","Stylish Shirt designed to make you stand out with wee looks","6","2","","388.63","298.95","22","47","30","discontinued","BAR00000413"
"414","SKU00414","Soft Granite Pants","New Hat model with 44 GB RAM, 548 GB storage, and sneaky features","1","1","","85.28","65.60","22","32","7","discontinued","BAR00000414"
"415","SKU00415","Bespoke Ceramic Sausages","Professional-grade Mouse perfect for variable training and recreational use","3","5","","722.35","555.65","6","98","5","active","BAR00000415"
"416","SKU00416","Elegant Bronze Gloves","Innovative Chair featuring blue technology and Bamboo construction","7","4","","1007.83","775.25","46","36","8","active","BAR00000416"
"417","SKU00417","Licensed Wooden Shoes","Our bitter-inspired Bike brings a taste of luxury to your negative lifestyle","5","2","","669.36","514.89","9","76","25","discontinued","BAR00000417"
"418","SKU00418","Frozen Bronze Table","Our crunchy-inspired Towels brings a taste of luxury to your new lifestyle","8","2","","240.70","185.15","30","54","4","discontinued","BAR00000418"
"419","SKU00419","Generic Granite Chicken","Ergonomic Shoes made with Aluminum for all-day bitter support","3","1","","727.81","559.85","43","66","23","active","BAR00000419"
"420","SKU00420","Frozen Gold Chicken","The blue Towels combines Cuba aesthetics with Xenon-based durability","7","1","","530.26","407.89","7","96","14","active","BAR00000420"
"421","SKU00421","Rustic Wooden Gloves","Hirthe Group's most advanced Chips technology increases splendid capabilities","9","3","","692.89","532.99","22","30","19","discontinued","BAR00000421"
"422","SKU00422","Refined Marble Shirt","The sleek and worthy Chicken comes with lime LED lighting for smart functionality","10","2","","742.94","571.49","29","94","18","discontinued","BAR00000422"
"423","SKU00423","Bespoke Rubber Salad","Generic Shirt designed with Ceramic for grandiose performance","4","5","","562.58","432.75","36","96","18","active","BAR00000423"
"424","SKU00424","Intelligent Gold Pizza","Discover the teeming new Keyboard with an exciting mix of Granite ingredients","10","2","","418.72","322.09","11","54","9","active","BAR00000424"
"425","SKU00425","Fantastic Plastic Chips","Our golden-inspired Soap brings a taste of luxury to your outlandish lifestyle","10","3","","876.45","674.19","42","88","25","active","BAR00000425"
"426","SKU00426","Unbranded Silk Keyboard","Handcrafted Sausages designed with Concrete for assured performance","2","5","","1060.57","815.82","38","58","10","active","BAR00000426"
"427","SKU00427","Fresh Bronze Ball","Discover the victorious new Salad with an exciting mix of Marble ingredients","3","5","","1178.18","906.29","28","79","4","active","BAR00000427"
"428","SKU00428","Modern Cotton Chicken","Ergonomic Pants made with Rubber for all-day warped support","9","2","","801.71","616.70","27","29","30","discontinued","BAR00000428"
"429","SKU00429","Electronic Marble Shirt","Awesome Gloves designed with Concrete for inconsequential performance","8","1","","1148.54","883.49","21","32","4","discontinued","BAR00000429"
"430","SKU00430","Bespoke Silk Soap","Featuring Bohrium-enhanced technology, our Computer offers unparalleled slow performance","1","1","","310.17","238.59","25","39","4","active","BAR00000430"
"431","SKU00431","Luxurious Aluminum Sausages","New plum Keyboard with ergonomic design for subtle comfort","6","2","","610.99","469.99","44","58","20","active","BAR00000431"
"432","SKU00432","Intelligent Bamboo Pizza","The blue Chair combines Burkina Faso aesthetics with Bromine-based durability","6","2","","1216.01","935.39","28","98","16","discontinued","BAR00000432"
"433","SKU00433","Incredible Bamboo Pants","The Configurable eco-centric matrices Mouse offers reliable performance and pleasing design","4","4","","1041.03","800.79","50","45","24","discontinued","BAR00000433"
"434","SKU00434","Fresh Bamboo Table","Discover the zebra-like agility of our Towels, perfect for snarling users","2","2","","994.81","765.24","43","73","27","discontinued","BAR00000434"
"435","SKU00435","Oriental Plastic Ball","Stylish Pants designed to make you stand out with decisive looks","8","4","","636.54","489.65","16","68","6","active","BAR00000435"
"436","SKU00436","Awesome Steel Table","Ergonomic Fish made with Silk for all-day sophisticated support","4","3","","307.83","236.79","22","26","19","active","BAR00000436"
"437","SKU00437","Sleek Wooden Bacon","The Centralized motivating functionalities Shirt offers reliable performance and shoddy design","9","1","","324.60","249.69","26","53","24","discontinued","BAR00000437"
"438","SKU00438","Fantastic Ceramic Hat","Professional-grade Cheese perfect for rectangular training and recreational use","10","2","","727.08","559.29","11","22","22","active","BAR00000438"
"439","SKU00439","Electronic Gold Bike","New Hat model with 25 GB RAM, 663 GB storage, and agile features","10","1","","525.85","404.50","24","78","3","discontinued","BAR00000439"
"440","SKU00440","Tasty Aluminum Table","The Business-focused modular productivity Fish offers reliable performance and present design","9","3","","311.03","239.25","24","99","18","discontinued","BAR00000440"
"441","SKU00441","Modern Concrete Chicken","Discover the ultimate new Pizza with an exciting mix of Wooden ingredients","5","3","","486.69","374.38","31","41","28","active","BAR00000441"
"442","SKU00442","Generic Metal Fish","Featuring Thallium-enhanced technology, our Bacon offers unparalleled mediocre performance","4","1","","1291.36","993.35","13","41","4","discontinued","BAR00000442"
"443","SKU00443","Generic Aluminum Chips","Experience the mint green brilliance of our Table, perfect for soupy environments","5","2","","666.11","512.39","25","73","13","active","BAR00000443"
"444","SKU00444","Recycled Wooden Salad","The Implemented uniform paradigm Gloves offers reliable performance and internal design","6","4","","312.12","240.09","14","88","15","discontinued","BAR00000444"
"445","SKU00445","Incredible Aluminum Hat","Practical Hat designed with Metal for buttery performance","5","2","","96.40","74.15","35","52","10","active","BAR00000445"
"446","SKU00446","Refined Wooden Salad","The Reverse-engineered fresh-thinking policy Chair offers reliable performance and taut design","8","2","","471.57","362.75","33","63","20","active","BAR00000446"
"447","SKU00447","Sleek Steel Mouse","Stylish Shoes designed to make you stand out with bogus looks","1","1","","639.53","491.95","35","33","24","discontinued","BAR00000447"
"448","SKU00448","Licensed Plastic Shoes","Featuring Phosphorus-enhanced technology, our Shoes offers unparalleled showy performance","9","1","","966.80","743.69","30","84","4","active","BAR00000448"
"449","SKU00449","Sleek Cotton Gloves","The lavender Chair combines French Southern Territories aesthetics with Argon-based durability","5","4","","159.11","122.39","16","49","12","discontinued","BAR00000449"
"450","SKU00450","Modern Plastic Salad","The Travis Hat is the latest in a series of eminent products from Gibson - Okuneva","10","3","","1050.91","808.39","39","50","19","active","BAR00000450"
"451","SKU00451","Frozen Bamboo Keyboard","Savor the bitter essence in our Pants, designed for well-lit culinary adventures","8","2","","667.23","513.25","49","51","23","discontinued","BAR00000451"
"452","SKU00452","Bespoke Granite Chips","Ergonomic Pizza made with Aluminum for all-day unconscious support","6","3","","1146.20","881.69","49","60","7","active","BAR00000452"
"453","SKU00453","Elegant Aluminum Bacon","Our hippopotamus-friendly Salad ensures sore comfort for your pets","6","3","","787.87","606.05","5","36","4","active","BAR00000453"
"454","SKU00454","Fresh Concrete Shirt","Featuring Uranium-enhanced technology, our Shoes offers unparalleled qualified performance","6","2","","492.30","378.69","44","59","26","active","BAR00000454"
"455","SKU00455","Electronic Metal Towels","Introducing the Syrian Arab Republic-inspired Table, blending lucky style with local craftsmanship","1","3","","930.74","715.95","39","52","19","discontinued","BAR00000455"
"456","SKU00456","Fresh Ceramic Pizza","The sleek and yellow Chair comes with silver LED lighting for smart functionality","9","1","","1028.55","791.19","39","25","9","discontinued","BAR00000456"
"457","SKU00457","Awesome Rubber Soap","The ivory Computer combines Barbados aesthetics with Samarium-based durability","9","1","","528.31","406.39","37","30","29","discontinued","BAR00000457"
"458","SKU00458","Awesome Silk Tuna","Introducing the Monaco-inspired Car, blending definitive style with local craftsmanship","9","2","","558.21","429.39","17","92","13","active","BAR00000458"
"459","SKU00459","Handmade Cotton Computer","Experience the orange brilliance of our Table, perfect for brisk environments","6","5","","910.26","700.20","44","89","24","active","BAR00000459"
"460","SKU00460","Elegant Granite Cheese","Our crunchy-inspired Chair brings a taste of luxury to your spanish lifestyle","8","1","","613.01","471.55","11","62","25","active","BAR00000460"
"461","SKU00461","Incredible Gold Shirt","Discover the crocodile-like agility of our Computer, perfect for unsung users","10","3","","317.27","244.05","27","83","10","discontinued","BAR00000461"
"462","SKU00462","Unbranded Wooden Chair","The Lester Computer is the latest in a series of radiant products from Mayert, Conn and Klocko","5","5","","1218.87","937.59","31","63","29","discontinued","BAR00000462"
"463","SKU00463","Rustic Marble Bacon","The Earl Car is the latest in a series of well-documented products from Goyette Group","1","4","","722.87","556.05","21","90","18","active","BAR00000463"
"464","SKU00464","Oriental Ceramic Cheese","Professional-grade Soap perfect for free training and recreational use","9","1","","841.74","647.49","38","66","23","discontinued","BAR00000464"
"465","SKU00465","Ergonomic Rubber Sausages","The Wiley Ball is the latest in a series of portly products from Sauer, Treutel and Schmitt","3","2","","910.77","700.59","37","41","18","discontinued","BAR00000465"
"466","SKU00466","Oriental Bamboo Bike","Elegant Bacon designed with Granite for wrong performance","3","1","","507.64","390.49","46","22","13","discontinued","BAR00000466"
"467","SKU00467","Modern Silk Shirt","Featuring Selenium-enhanced technology, our Pants offers unparalleled inferior performance","9","1","","318.69","245.15","16","33","3","active","BAR00000467"
"468","SKU00468","Small Aluminum Chips","Innovative Chips featuring squiggly technology and Concrete construction","1","3","","1119.16","860.89","8","61","3","active","BAR00000468"
"469","SKU00469","Licensed Bronze Gloves","New Chicken model with 56 GB RAM, 528 GB storage, and thick features","1","2","","1214.06","933.89","13","91","12","active","BAR00000469"
"470","SKU00470","Frozen Plastic Hat","Innovative Fish featuring true technology and Rubber construction","3","5","","426.39","327.99","30","25","25","discontinued","BAR00000470"
"471","SKU00471","Luxurious Wooden Pants","The Innovative directional intranet Cheese offers reliable performance and imaginary design","2","5","","485.02","373.09","39","83","23","discontinued","BAR00000471"
"472","SKU00472","Fresh Plastic Tuna","The Programmable user-facing support Mouse offers reliable performance and advanced design","6","5","","344.23","264.79","33","99","14","discontinued","BAR00000472"
"473","SKU00473","Awesome Wooden Shoes","New blue Chair with ergonomic design for dull comfort","2","1","","208.38","160.29","7","35","12","active","BAR00000473"
"474","SKU00474","Intelligent Wooden Fish","Professional-grade Pizza perfect for troubled training and recreational use","3","2","","68.35","52.58","14","92","18","active","BAR00000474"
"475","SKU00475","Recycled Cotton Bike","Stylish Bike designed to make you stand out with rigid looks","2","3","","606.57","466.59","39","68","30","active","BAR00000475"
"476","SKU00476","Frozen Silk Fish","The Austyn Gloves is the latest in a series of prestigious products from Langworth - Zemlak","9","1","","309.26","237.89","22","48","23","discontinued","BAR00000476"
"477","SKU00477","Rustic Bamboo Bacon","Discover the mature new Soap with an exciting mix of Marble ingredients","7","2","","266.76","205.20","35","45","10","active","BAR00000477"
"478","SKU00478","Handmade Marble Hat","The Grass-roots context-sensitive task-force Chicken offers reliable performance and elderly design","2","5","","315.83","242.95","9","51","23","discontinued","BAR00000478"
"479","SKU00479","Fantastic Steel Computer","Discover the dog-like agility of our Sausages, perfect for grouchy users","8","3","","953.02","733.09","42","91","6","discontinued","BAR00000479"
"480","SKU00480","Licensed Ceramic Table","The sleek and delicious Shirt comes with red LED lighting for smart functionality","6","1","","513.10","394.69","28","61","21","discontinued","BAR00000480"
"481","SKU00481","Generic Steel Mouse","The mint green Car combines Hungary aesthetics with Arsenic-based durability","3","5","","830.43","638.79","47","77","14","active","BAR00000481"
"482","SKU00482","Ergonomic Aluminum Chips","Discover the dog-like agility of our Computer, perfect for wiggly users","7","5","","378.81","291.39","34","32","5","discontinued","BAR00000482"
"483","SKU00483","Rustic Bamboo Table","New Chips model with 20 GB RAM, 707 GB storage, and corrupt features","2","3","","627.71","482.85","27","99","30","discontinued","BAR00000483"
"484","SKU00484","Elegant Silk Keyboard","Ergonomic Salad made with Silk for all-day acidic support","9","4","","18.32","14.09","49","25","11","active","BAR00000484"
"485","SKU00485","Rustic Rubber Hat","Our tender-inspired Towels brings a taste of luxury to your everlasting lifestyle","8","4","","483.79","372.15","35","53","15","active","BAR00000485"
"486","SKU00486","Elegant Marble Salad","Ergonomic Shirt made with Plastic for all-day irresponsible support","10","3","","145.33","111.79","37","70","14","discontinued","BAR00000486"
"487","SKU00487","Elegant Cotton Cheese","Our hippopotamus-friendly Chair ensures regular comfort for your pets","4","2","","720.01","553.85","41","67","16","discontinued","BAR00000487"
"488","SKU00488","Handcrafted Aluminum Gloves","Weissnat, Quigley and Lockman's most advanced Computer technology increases milky capabilities","6","3","","76.56","58.89","26","74","24","discontinued","BAR00000488"
"489","SKU00489","Tasty Bamboo Bacon","Experience the orchid brilliance of our Table, perfect for content environments","5","5","","982.27","755.59","50","100","20","active","BAR00000489"
"490","SKU00490","Bespoke Rubber Computer","Savor the rich essence in our Ball, designed for natural culinary adventures","1","1","","641.94","493.80","48","85","27","active","BAR00000490"
"491","SKU00491","Intelligent Gold Computer","The Darrel Cheese is the latest in a series of sizzling products from Roberts Group","3","3","","577.52","444.25","35","22","22","active","BAR00000491"
"492","SKU00492","Ergonomic Plastic Chips","The sleek and grumpy Chips comes with pink LED lighting for smart functionality","1","4","","1276.01","981.55","32","59","20","active","BAR00000492"
"493","SKU00493","Incredible Plastic Gloves","The Damaris Shoes is the latest in a series of french products from Keebler - Donnelly","9","3","","1027.59","790.45","22","70","18","active","BAR00000493"
"494","SKU00494","Luxurious Wooden Bike","Savor the sweet essence in our Chicken, designed for clean culinary adventures","1","2","","907.39","697.99","14","34","8","discontinued","BAR00000494"
"495","SKU00495","Handcrafted Plastic Fish","Our golden-inspired Mouse brings a taste of luxury to your splendid lifestyle","6","1","","708.75","545.19","20","37","11","active","BAR00000495"
"496","SKU00496","Unbranded Metal Shoes","Experience the magenta brilliance of our Towels, perfect for stingy environments","4","4","","1070.67","823.59","28","51","15","discontinued","BAR00000496"
"497","SKU00497","Licensed Bronze Pants","Ergonomic Pizza made with Concrete for all-day similar support","3","1","","615.28","473.29","27","67","7","active","BAR00000497"
"498","SKU00498","Awesome Granite Gloves","The AI-driven 24/7 frame Keyboard offers reliable performance and moist design","8","4","","28.57","21.98","14","40","3","discontinued","BAR00000498"
"499","SKU00499","Small Rubber Computer","New Salad model with 97 GB RAM, 654 GB storage, and scented features","9","1","","1083.80","833.69","37","72","18","discontinued","BAR00000499"
"500","SKU00500","Bespoke Steel Shirt","The Kirsten Shirt is the latest in a series of scratchy products from Goyette, Frami and Fritsch-Hagenes","4","2","","739.64","568.95","44","99","21","active","BAR00000500"
